Unnamed: 0,Operator,Network Type,In Out Travelling,State Name,Call Dropped,Satisfactory,Poor Voice Quality,label
0,Airtel,2G,Indoor,Andhra Pradesh,35.714285714285715,46.42857142857143,17.857142857142858,Average
1,Airtel,2G,Indoor,Assam,0.0,66.66666666666666,33.33333333333333,Very Good
2,Airtel,2G,Indoor,Bihar,0.0,53.84615384615386,46.153846153846146,Average
3,Airtel,2G,Indoor,Delhi,5.5555555555555545,27.777777777777786,66.66666666666666,Poor
4,Airtel,2G,Indoor,Gujarat,2.8169014084507045,88.73239436619718,8.450704225352112,Excellent
5,Airtel,2G,Indoor,Haryana,3.333333333333333,96.66666666666669,0.0,Excellent
6,Airtel,2G,Indoor,Himachal Pradesh,75.0,0.0,25.0,Inadequate
7,Airtel,2G,Indoor,Jharkhand,0.0,100.0,0.0,Excellent
8,Airtel,2G,Indoor,Karnataka,12.871287128712876,31.683168316831683,55.44554455445545,Poor
9,Airtel,2G,Indoor,Kashmir,0.0,0.0,100.0,Inadequate
10,Airtel,2G,Indoor,Kerala,0.0,85.71428571428571,14.285714285714285,Excellent
11,Airtel,2G,Indoor,Madhya Pradesh,33.33333333333333,22.222222222222214,44.444444444444436,Poor
12,Airtel,2G,Indoor,Maharashtra,8.0,44.0,48.0,Average
13,Airtel,2G,Indoor,Manipur,0.0,100.0,0.0,Excellent
14,Airtel,2G,Indoor,Meghalaya,0.0,100.0,0.0,Excellent
15,Airtel,2G,Indoor,Odisha,26.66666666666667,53.33333333333334,20.0,Average
16,Airtel,2G,Indoor,Punjab,0.0,100.0,0.0,Excellent
17,Airtel,2G,Indoor,Rajasthan,100.0,0.0,0.0,Inadequate
18,Airtel,2G,Indoor,Sikkim,14.285714285714285,0.0,85.71428571428571,Inadequate
19,Airtel,2G,Indoor,Tamil Nadu,15.625,46.875,37.5,Average
20,Airtel,2G,Indoor,Telangana,22.58064516129032,24.731182795698924,52.68817204301075,Poor
21,Airtel,2G,Indoor,Uttar Pradesh,9.70873786407767,32.03883495145632,58.25242718446602,Poor
22,Airtel,2G,Indoor,Uttarakhand,25.75757575757576,1.5151515151515151,72.72727272727273,Inadequate
23,Airtel,2G,Indoor,West Bengal,7.6923076923076925,61.53846153846154,30.76923076923077,Very Good
24,Airtel,2G,Outdoor,Andhra Pradesh,14.000000000000002,16.0,70.0,Inadequate
25,Airtel,2G,Outdoor,Bihar,0.0,82.85714285714286,17.142857142857142,Excellent
26,Airtel,2G,Outdoor,Chattisgarh,91.66666666666666,8.333333333333332,0.0,Inadequate
27,Airtel,2G,Outdoor,Delhi,0.0,33.33333333333333,66.66666666666666,Poor
28,Airtel,2G,Outdoor,Gujarat,0.0,70.0,30.0,Very Good
29,Airtel,2G,Outdoor,Haryana,28.57142857142857,14.285714285714285,57.14285714285714,Inadequate
30,Airtel,2G,Outdoor,Himachal Pradesh,0.0,75.0,25.0,Very Good
31,Airtel,2G,Outdoor,Jharkhand,0.0,25.0,75.0,Poor
32,Airtel,2G,Outdoor,Karnataka,25.0,29.16666666666667,45.83333333333333,Poor
33,Airtel,2G,Outdoor,Kashmir,0.0,0.0,100.0,Inadequate
34,Airtel,2G,Outdoor,Kerala,16.666666666666664,66.66666666666666,16.666666666666664,Very Good
35,Airtel,2G,Outdoor,Madhya Pradesh,80.0,20.0,0.0,Inadequate
36,Airtel,2G,Outdoor,Maharashtra,21.428571428571427,25.0,53.57142857142857,Poor
37,Airtel,2G,Outdoor,Odisha,0.0,66.66666666666666,33.33333333333333,Very Good
38,Airtel,2G,Outdoor,Punjab,75.0,25.0,0.0,Poor
39,Airtel,2G,Outdoor,Rajasthan,0.0,55.55555555555557,44.444444444444436,Average
40,Airtel,2G,Outdoor,Tamil Nadu,27.27272727272727,54.54545454545454,18.181818181818183,Average
41,Airtel,2G,Outdoor,Telangana,14.285714285714285,43.75,41.964285714285715,Average
42,Airtel,2G,Outdoor,Uttar Pradesh,8.433734939759036,15.662650602409641,75.90361445783131,Inadequate
43,Airtel,2G,Outdoor,Uttarakhand,23.07692307692308,0.0,76.92307692307693,Inadequate
44,Airtel,2G,Outdoor,West Bengal,0.0,72.72727272727273,27.27272727272727,Very Good
45,Airtel,2G,Travelling,Andhra Pradesh,28.57142857142857,4.761904761904762,66.66666666666666,Inadequate
46,Airtel,2G,Travelling,Bihar,25.0,25.0,50.0,Poor
47,Airtel,2G,Travelling,Chattisgarh,100.0,0.0,0.0,Inadequate
48,Airtel,2G,Travelling,Delhi,28.57142857142857,14.285714285714285,57.14285714285714,Inadequate
49,Airtel,2G,Travelling,Gujarat,14.285714285714285,71.42857142857143,14.285714285714285,Very Good
50,Airtel,2G,Travelling,Haryana,0.0,50.0,50.0,Average
51,Airtel,2G,Travelling,Himachal Pradesh,0.0,100.0,0.0,Excellent
52,Airtel,2G,Travelling,Jharkhand,28.57142857142857,0.0,71.42857142857143,Inadequate
53,Airtel,2G,Travelling,Karnataka,22.72727272727273,27.27272727272727,50.0,Poor
54,Airtel,2G,Travelling,Kerala,100.0,0.0,0.0,Inadequate
55,Airtel,2G,Travelling,Madhya Pradesh,50.0,25.0,25.0,Poor
56,Airtel,2G,Travelling,Maharashtra,17.647058823529417,52.941176470588246,29.411764705882355,Average
57,Airtel,2G,Travelling,Odisha,33.33333333333333,0.0,66.66666666666666,Inadequate
58,Airtel,2G,Travelling,Punjab,0.0,80.0,20.0,Very Good
59,Airtel,2G,Travelling,Rajasthan,0.0,75.0,25.0,Very Good
60,Airtel,2G,Travelling,Tamil Nadu,0.0,100.0,0.0,Excellent
61,Airtel,2G,Travelling,Telangana,24.13793103448276,34.48275862068966,41.3793103448276,Poor
62,Airtel,2G,Travelling,Uttar Pradesh,28.57142857142857,19.047619047619047,52.38095238095239,Inadequate
63,Airtel,2G,Travelling,Uttarakhand,33.33333333333333,33.33333333333333,33.33333333333333,Poor
64,Airtel,2G,Travelling,West Bengal,0.0,75.0,25.0,Very Good
65,Airtel,3G,Indoor,Andaman and Nicobar Islands,100.0,0.0,0.0,Inadequate
66,Airtel,3G,Indoor,Andhra Pradesh,4.040404040404041,86.86868686868686,9.090909090909092,Excellent
67,Airtel,3G,Indoor,Assam,0.0,100.0,0.0,Excellent
68,Airtel,3G,Indoor,Bihar,2.684563758389262,81.87919463087249,15.436241610738255,Excellent
69,Airtel,3G,Indoor,Chandigarh,50.0,50.0,0.0,Average
70,Airtel,3G,Indoor,Chattisgarh,15.0,20.0,65.0,Inadequate
71,Airtel,3G,Indoor,Delhi,20.239880059970005,25.187406296851567,54.572713643178396,Poor
72,Airtel,3G,Indoor,Gujarat,6.7061143984220895,81.4595660749507,11.83431952662722,Excellent
73,Airtel,3G,Indoor,Haryana,17.24137931034483,61.3793103448276,21.379310344827584,Very Good
74,Airtel,3G,Indoor,Himachal Pradesh,50.0,0.0,50.0,Inadequate
75,Airtel,3G,Indoor,Jharkhand,27.90697674418605,41.860465116279066,30.232558139534877,Average
76,Airtel,3G,Indoor,Karnataka,12.47443762781186,70.96114519427404,16.56441717791411,Very Good
77,Airtel,3G,Indoor,Kashmir,0.0,66.66666666666666,33.33333333333333,Very Good
78,Airtel,3G,Indoor,Kerala,8.695652173913043,86.95652173913044,4.3478260869565215,Excellent
79,Airtel,3G,Indoor,Madhya Pradesh,3.6363636363636362,87.27272727272727,9.090909090909092,Excellent
80,Airtel,3G,Indoor,Maharashtra,10.425531914893618,49.361702127659576,40.21276595744681,Average
81,Airtel,3G,Indoor,Meghalaya,0.0,100.0,0.0,Excellent
82,Airtel,3G,Indoor,Odisha,16.666666666666664,50.0,33.33333333333333,Average
83,Airtel,3G,Indoor,Pondicherry,25.0,0.0,75.0,Inadequate
84,Airtel,3G,Indoor,Punjab,0.0,40.0,60.0,Poor
85,Airtel,3G,Indoor,Rajasthan,16.363636363636363,65.45454545454545,18.181818181818183,Very Good
86,Airtel,3G,Indoor,Tamil Nadu,15.94488188976378,47.834645669291326,36.22047244094488,Average
87,Airtel,3G,Indoor,Telangana,9.826589595375722,39.30635838150289,50.867052023121396,Poor
88,Airtel,3G,Indoor,Uttar Pradesh,8.943089430894311,59.95934959349594,31.09756097560976,Average
89,Airtel,3G,Indoor,Uttarakhand,27.98913043478261,14.402173913043475,57.60869565217392,Inadequate
90,Airtel,3G,Indoor,West Bengal,5.357142857142857,86.30952380952381,8.333333333333332,Excellent
91,Airtel,3G,Outdoor,Andhra Pradesh,9.677419354838714,41.935483870967744,48.38709677419354,Average
92,Airtel,3G,Outdoor,Assam,0.0,25.0,75.0,Poor
93,Airtel,3G,Outdoor,Bihar,3.9735099337748334,78.80794701986757,17.218543046357613,Very Good
94,Airtel,3G,Outdoor,Chandigarh,0.0,100.0,0.0,Excellent
95,Airtel,3G,Outdoor,Chattisgarh,0.0,66.66666666666666,33.33333333333333,Very Good
96,Airtel,3G,Outdoor,Delhi,4.0,20.44444444444445,75.55555555555556,Poor
97,Airtel,3G,Outdoor,Gujarat,6.578947368421053,78.94736842105263,14.473684210526311,Very Good
98,Airtel,3G,Outdoor,Haryana,7.0175438596491215,71.9298245614035,21.052631578947366,Very Good
99,Airtel,3G,Outdoor,Himachal Pradesh,0.0,45.45454545454545,54.54545454545454,Average
100,Airtel,3G,Outdoor,Jharkhand,29.268292682926827,9.75609756097561,60.97560975609756,Inadequate
101,Airtel,3G,Outdoor,Karnataka,9.411764705882351,39.607843137254896,50.98039215686275,Poor
102,Airtel,3G,Outdoor,Kashmir,100.0,0.0,0.0,Inadequate
103,Airtel,3G,Outdoor,Kerala,4.166666666666666,91.66666666666666,4.166666666666666,Excellent
104,Airtel,3G,Outdoor,Madhya Pradesh,0.0,90.0,10.0,Excellent
105,Airtel,3G,Outdoor,Maharashtra,1.984126984126984,77.38095238095238,20.63492063492064,Very Good
106,Airtel,3G,Outdoor,Odisha,0.0,93.54838709677419,6.451612903225808,Excellent
107,Airtel,3G,Outdoor,Punjab,10.526315789473683,5.263157894736842,84.21052631578947,Inadequate
108,Airtel,3G,Outdoor,Rajasthan,4.615384615384616,23.07692307692308,72.30769230769229,Poor
109,Airtel,3G,Outdoor,Sikkim,50.0,50.0,0.0,Average
110,Airtel,3G,Outdoor,Tamil Nadu,14.601769911504428,66.8141592920354,18.584070796460182,Very Good
111,Airtel,3G,Outdoor,Telangana,12.448132780082991,19.91701244813278,67.63485477178423,Inadequate
112,Airtel,3G,Outdoor,Tripura,0.0,9.523809523809524,90.4761904761905,Inadequate
113,Airtel,3G,Outdoor,Uttar Pradesh,3.23529411764706,46.764705882352935,50.0,Average
114,Airtel,3G,Outdoor,Uttarakhand,35.864978902953595,9.70464135021097,54.43037974683544,Inadequate
115,Airtel,3G,Outdoor,West Bengal,4.761904761904762,76.19047619047619,19.047619047619047,Very Good
116,Airtel,3G,Travelling,Andhra Pradesh,21.27659574468085,36.17021276595745,42.5531914893617,Poor
117,Airtel,3G,Travelling,Assam,0.0,66.66666666666666,33.33333333333333,Very Good
118,Airtel,3G,Travelling,Bihar,9.523809523809524,61.904761904761905,28.57142857142857,Very Good
119,Airtel,3G,Travelling,Chandigarh,33.33333333333333,33.33333333333333,33.33333333333333,Poor
120,Airtel,3G,Travelling,Chattisgarh,0.0,66.66666666666666,33.33333333333333,Very Good
121,Airtel,3G,Travelling,Delhi,18.666666666666668,45.33333333333333,36.0,Average
122,Airtel,3G,Travelling,Gujarat,21.052631578947366,71.05263157894737,7.894736842105262,Very Good
123,Airtel,3G,Travelling,Haryana,20.833333333333336,70.83333333333334,8.333333333333332,Very Good
124,Airtel,3G,Travelling,Himachal Pradesh,0.0,87.5,12.5,Excellent
125,Airtel,3G,Travelling,Jharkhand,25.0,12.5,62.5,Inadequate
126,Airtel,3G,Travelling,Karnataka,12.162162162162163,50.0,37.83783783783785,Average
127,Airtel,3G,Travelling,Kerala,25.0,50.0,25.0,Average
128,Airtel,3G,Travelling,Madhya Pradesh,0.0,62.5,37.5,Very Good
129,Airtel,3G,Travelling,Maharashtra,1.9480519480519485,87.01298701298703,11.03896103896104,Excellent
130,Airtel,3G,Travelling,Meghalaya,0.0,100.0,0.0,Excellent
131,Airtel,3G,Travelling,Odisha,0.0,84.61538461538461,15.384615384615385,Excellent
132,Airtel,3G,Travelling,Punjab,0.0,89.13043478260867,10.869565217391305,Excellent
133,Airtel,3G,Travelling,Rajasthan,2.4390243902439024,87.8048780487805,9.75609756097561,Excellent
134,Airtel,3G,Travelling,Tamil Nadu,2.247191011235955,68.53932584269663,29.21348314606741,Very Good
135,Airtel,3G,Travelling,Telangana,5.05050505050505,53.535353535353536,41.414141414141405,Average
136,Airtel,3G,Travelling,Tripura,0.0,18.75,81.25,Inadequate
137,Airtel,3G,Travelling,Uttar Pradesh,11.965811965811966,48.29059829059829,39.74358974358975,Average
138,Airtel,3G,Travelling,Uttarakhand,1.5151515151515151,80.3030303030303,18.181818181818183,Excellent
139,Airtel,3G,Travelling,West Bengal,5.0,60.0,35.0,Average
140,Airtel,4G,Indoor,Andhra Pradesh,8.995633187772926,81.04803493449782,9.956331877729257,Excellent
141,Airtel,4G,Indoor,Assam,11.111111111111107,72.2222222222222,16.666666666666664,Very Good
142,Airtel,4G,Indoor,Bihar,5.515587529976019,83.45323741007195,11.031175059952037,Excellent
143,Airtel,4G,Indoor,Chandigarh,18.918918918918926,18.918918918918926,62.16216216216216,Inadequate
144,Airtel,4G,Indoor,Chattisgarh,2.1582733812949644,76.97841726618705,20.863309352517987,Very Good
145,Airtel,4G,Indoor,Daman and Diu,0.0,100.0,0.0,Excellent
146,Airtel,4G,Indoor,Delhi,17.122186495176848,34.485530546623785,48.39228295819936,Poor
147,Airtel,4G,Indoor,Goa,11.111111111111107,0.0,88.88888888888891,Inadequate
148,Airtel,4G,Indoor,Gujarat,5.180840664711632,87.29227761485826,7.526881720430107,Excellent
149,Airtel,4G,Indoor,Haryana,7.592190889370933,81.34490238611714,11.062906724511931,Excellent
150,Airtel,4G,Indoor,Himachal Pradesh,39.285714285714285,25.0,35.714285714285715,Poor
151,Airtel,4G,Indoor,Jharkhand,9.392265193370166,79.00552486187846,11.602209944751381,Very Good
152,Airtel,4G,Indoor,Karnataka,15.80547112462006,69.30091185410336,14.893617021276595,Very Good
153,Airtel,4G,Indoor,Kashmir,0.0,0.0,100.0,Inadequate
154,Airtel,4G,Indoor,Kerala,5.063291139240507,86.07594936708858,8.860759493670884,Excellent
155,Airtel,4G,Indoor,Madhya Pradesh,5.956112852664576,78.99686520376177,15.047021943573668,Very Good
156,Airtel,4G,Indoor,Maharashtra,7.1563088512241055,76.15819209039549,16.68549905838041,Very Good
157,Airtel,4G,Indoor,Manipur,0.0,100.0,0.0,Excellent
158,Airtel,4G,Indoor,Meghalaya,0.0,100.0,0.0,Excellent
159,Airtel,4G,Indoor,Nagaland,0.0,100.0,0.0,Excellent
160,Airtel,4G,Indoor,Odisha,91.22807017543859,3.1578947368421053,5.614035087719297,Inadequate
161,Airtel,4G,Indoor,Pondicherry,0.0,81.81818181818183,18.181818181818183,Excellent
162,Airtel,4G,Indoor,Punjab,7.086614173228346,75.1968503937008,17.716535433070867,Very Good
163,Airtel,4G,Indoor,Rajasthan,5.782312925170068,78.45804988662131,15.759637188208616,Very Good
164,Airtel,4G,Indoor,Tamil Nadu,6.713078070611638,79.0154152163103,14.27150671307807,Very Good
165,Airtel,4G,Indoor,Telangana,8.299096138044371,71.98027937551356,19.72062448644207,Very Good
166,Airtel,4G,Indoor,Uttar Pradesh,7.078507078507079,62.93436293436292,29.987129987129983,Very Good
167,Airtel,4G,Indoor,Uttarakhand,16.155419222903888,55.623721881390594,28.22085889570552,Average
168,Airtel,4G,Indoor,West Bengal,5.569782330345711,87.00384122919334,7.426376440460948,Excellent
169,Airtel,4G,Outdoor,Andhra Pradesh,8.270676691729323,60.15037593984962,31.578947368421048,Very Good
170,Airtel,4G,Outdoor,Assam,28.57142857142857,14.285714285714285,57.14285714285714,Inadequate
171,Airtel,4G,Outdoor,Bihar,2.043596730245232,71.5258855585831,26.430517711171664,Very Good
172,Airtel,4G,Outdoor,Chandigarh,10.0,70.0,20.0,Very Good
173,Airtel,4G,Outdoor,Chattisgarh,4.838709677419357,85.48387096774194,9.677419354838714,Excellent
174,Airtel,4G,Outdoor,Delhi,4.097035040431267,16.549865229110512,79.35309973045823,Inadequate
175,Airtel,4G,Outdoor,Goa,28.57142857142857,0.0,71.42857142857143,Inadequate
176,Airtel,4G,Outdoor,Gujarat,5.895196506550218,79.91266375545851,14.192139737991265,Very Good
177,Airtel,4G,Outdoor,Haryana,17.045454545454547,62.78409090909091,20.170454545454547,Very Good
178,Airtel,4G,Outdoor,Himachal Pradesh,15.789473684210524,51.31578947368421,32.89473684210527,Average
179,Airtel,4G,Outdoor,Jharkhand,17.307692307692307,25.0,57.69230769230769,Poor
180,Airtel,4G,Outdoor,Karnataka,9.83754512635379,63.989169675090245,26.17328519855596,Very Good
181,Airtel,4G,Outdoor,Kerala,3.6931818181818175,94.0340909090909,2.272727272727273,Excellent
182,Airtel,4G,Outdoor,Madhya Pradesh,14.705882352941178,41.17647058823529,44.11764705882353,Average
183,Airtel,4G,Outdoor,Maharashtra,3.7254901960784315,81.86274509803921,14.411764705882351,Excellent
184,Airtel,4G,Outdoor,Meghalaya,16.666666666666664,5.5555555555555545,77.7777777777778,Inadequate
185,Airtel,4G,Outdoor,Odisha,2.061855670103093,86.59793814432993,11.340206185567007,Excellent
186,Airtel,4G,Outdoor,Pondicherry,0.0,100.0,0.0,Excellent
187,Airtel,4G,Outdoor,Punjab,43.15789473684211,27.89473684210526,28.94736842105264,Poor
188,Airtel,4G,Outdoor,Rajasthan,5.405405405405406,24.324324324324326,70.27027027027027,Poor
189,Airtel,4G,Outdoor,Tamil Nadu,6.70391061452514,74.86033519553072,18.435754189944134,Very Good
190,Airtel,4G,Outdoor,Telangana,23.634881825590874,36.91931540342298,39.44580277098614,Poor
191,Airtel,4G,Outdoor,Tripura,0.0,20.0,80.0,Inadequate
192,Airtel,4G,Outdoor,Uttar Pradesh,6.697819314641744,46.72897196261682,46.57320872274144,Average
193,Airtel,4G,Outdoor,Uttarakhand,17.35159817351598,38.58447488584475,44.06392694063928,Poor
194,Airtel,4G,Outdoor,West Bengal,4.864864864864865,83.42342342342343,11.711711711711711,Excellent
195,Airtel,4G,Travelling,Andhra Pradesh,6.482758620689657,12.0,81.51724137931033,Inadequate
196,Airtel,4G,Travelling,Assam,0.0,100.0,0.0,Excellent
197,Airtel,4G,Travelling,Bihar,7.981220657276995,57.74647887323944,34.27230046948357,Average
198,Airtel,4G,Travelling,Chandigarh,2.631578947368421,2.631578947368421,94.73684210526315,Inadequate
199,Airtel,4G,Travelling,Chattisgarh,1.3888888888888888,91.66666666666666,6.9444444444444455,Excellent
200,Airtel,4G,Travelling,Delhi,6.3509149623250805,75.78040904198063,17.868675995694293,Very Good
201,Airtel,4G,Travelling,Goa,100.0,0.0,0.0,Inadequate
202,Airtel,4G,Travelling,Gujarat,3.1674208144796383,93.96681749622923,2.865761689291101,Excellent
203,Airtel,4G,Travelling,Haryana,5.0,80.45454545454545,14.545454545454545,Excellent
204,Airtel,4G,Travelling,Himachal Pradesh,0.0,96.77419354838707,3.2258064516129035,Excellent
205,Airtel,4G,Travelling,Jharkhand,21.428571428571427,50.0,28.57142857142857,Average
206,Airtel,4G,Travelling,Karnataka,10.569105691056912,45.20325203252033,44.227642276422756,Average
207,Airtel,4G,Travelling,Kerala,2.0100502512562812,95.47738693467336,2.512562814070352,Excellent
208,Airtel,4G,Travelling,Madhya Pradesh,2.8169014084507045,77.46478873239437,19.718309859154925,Very Good
209,Airtel,4G,Travelling,Maharashtra,1.7790262172284643,88.67041198501873,9.550561797752808,Excellent
210,Airtel,4G,Travelling,Meghalaya,0.0,100.0,0.0,Excellent
211,Airtel,4G,Travelling,Odisha,22.72727272727273,68.18181818181817,9.090909090909092,Very Good
212,Airtel,4G,Travelling,Punjab,0.8156606851549755,6.199021207177816,92.9853181076672,Inadequate
213,Airtel,4G,Travelling,Rajasthan,3.153153153153153,78.82882882882883,18.01801801801802,Very Good
214,Airtel,4G,Travelling,Tamil Nadu,8.24742268041237,76.6323024054983,15.120274914089348,Very Good
215,Airtel,4G,Travelling,Telangana,3.5190615835777126,41.20234604105572,55.278592375366564,Average
216,Airtel,4G,Travelling,Tripura,0.0,30.0,70.0,Poor
217,Airtel,4G,Travelling,Uttar Pradesh,12.324929971988794,61.344537815126046,26.33053221288516,Very Good
218,Airtel,4G,Travelling,Uttarakhand,0.4878048780487805,95.60975609756098,3.902439024390244,Excellent
219,Airtel,4G,Travelling,West Bengal,5.641025641025642,71.28205128205127,23.07692307692308,Very Good
220,BSNL,2G,Indoor,Andaman and Nicobar Islands,0.0,91.66666666666666,8.333333333333332,Excellent
221,BSNL,2G,Indoor,Andhra Pradesh,5.563282336578583,92.35048678720446,2.086230876216968,Excellent
222,BSNL,2G,Indoor,Bihar,0.0,11.111111111111107,88.88888888888891,Inadequate
223,BSNL,2G,Indoor,Chattisgarh,8.571428571428571,77.14285714285717,14.285714285714285,Very Good
224,BSNL,2G,Indoor,Gujarat,35.29411764705883,52.941176470588246,11.764705882352938,Average
225,BSNL,2G,Indoor,Jharkhand,16.666666666666664,0.0,83.33333333333334,Inadequate
226,BSNL,2G,Indoor,Karnataka,8.433734939759036,71.68674698795179,19.87951807228916,Very Good
227,BSNL,2G,Indoor,Kerala,3.4161490683229814,62.732919254658384,33.85093167701863,Very Good
228,BSNL,2G,Indoor,Madhya Pradesh,0.0,70.0,30.0,Very Good
229,BSNL,2G,Indoor,Maharashtra,6.593406593406594,84.61538461538461,8.791208791208794,Excellent
230,BSNL,2G,Indoor,Manipur,0.0,100.0,0.0,Excellent
231,BSNL,2G,Indoor,Odisha,13.043478260869565,41.30434782608695,45.65217391304348,Average
232,BSNL,2G,Indoor,Punjab,0.0,42.857142857142854,57.14285714285714,Average
233,BSNL,2G,Indoor,Rajasthan,5.882352941176469,88.23529411764706,5.882352941176469,Excellent
234,BSNL,2G,Indoor,Tamil Nadu,7.5,50.0,42.5,Average
235,BSNL,2G,Indoor,Telangana,1.7948717948717947,92.56410256410255,5.641025641025642,Excellent
236,BSNL,2G,Indoor,Uttar Pradesh,0.0,72.72727272727273,27.27272727272727,Very Good
237,BSNL,2G,Indoor,Uttarakhand,11.764705882352938,17.647058823529417,70.58823529411767,Inadequate
238,BSNL,2G,Indoor,West Bengal,4.545454545454546,48.701298701298704,46.75324675324675,Average
239,BSNL,2G,Outdoor,Andaman and Nicobar Islands,27.27272727272727,63.63636363636363,9.090909090909092,Very Good
240,BSNL,2G,Outdoor,Andhra Pradesh,25.0,50.0,25.0,Average
241,BSNL,2G,Outdoor,Bihar,0.0,33.33333333333333,66.66666666666666,Poor
242,BSNL,2G,Outdoor,Chattisgarh,0.0,0.0,100.0,Inadequate
243,BSNL,2G,Outdoor,Gujarat,0.0,42.857142857142854,57.14285714285714,Average
244,BSNL,2G,Outdoor,Himachal Pradesh,0.0,0.0,100.0,Inadequate
245,BSNL,2G,Outdoor,Jharkhand,0.0,30.303030303030305,69.6969696969697,Poor
246,BSNL,2G,Outdoor,Karnataka,4.205607476635514,91.58878504672896,4.205607476635514,Excellent
247,BSNL,2G,Outdoor,Kerala,6.896551724137932,65.51724137931035,27.58620689655172,Very Good
248,BSNL,2G,Outdoor,Madhya Pradesh,0.0,50.0,50.0,Average
249,BSNL,2G,Outdoor,Maharashtra,0.0,100.0,0.0,Excellent
250,BSNL,2G,Outdoor,Odisha,0.0,66.66666666666666,33.33333333333333,Very Good
251,BSNL,2G,Outdoor,Punjab,0.0,5.0,95.0,Inadequate
252,BSNL,2G,Outdoor,Rajasthan,9.523809523809524,90.4761904761905,0.0,Excellent
253,BSNL,2G,Outdoor,Tamil Nadu,0.0,75.0,25.0,Very Good
254,BSNL,2G,Outdoor,Telangana,4.705882352941177,94.11764705882351,1.1764705882352942,Excellent
255,BSNL,2G,Outdoor,Uttar Pradesh,0.0,100.0,0.0,Excellent
256,BSNL,2G,Outdoor,Uttarakhand,0.0,14.285714285714285,85.71428571428571,Inadequate
257,BSNL,2G,Outdoor,West Bengal,3.669724770642202,7.339449541284404,88.9908256880734,Inadequate
258,BSNL,2G,Travelling,Andaman and Nicobar Islands,25.0,75.0,0.0,Very Good
259,BSNL,2G,Travelling,Andhra Pradesh,9.090909090909092,72.72727272727273,18.181818181818183,Very Good
260,BSNL,2G,Travelling,Assam,0.0,100.0,0.0,Excellent
261,BSNL,2G,Travelling,Chattisgarh,0.0,0.0,100.0,Inadequate
262,BSNL,2G,Travelling,Gujarat,0.0,66.66666666666666,33.33333333333333,Very Good
263,BSNL,2G,Travelling,Haryana,0.0,100.0,0.0,Excellent
264,BSNL,2G,Travelling,Jharkhand,0.0,78.26086956521739,21.73913043478261,Very Good
265,BSNL,2G,Travelling,Karnataka,33.33333333333333,33.33333333333333,33.33333333333333,Poor
266,BSNL,2G,Travelling,Kerala,4.3478260869565215,82.6086956521739,13.043478260869565,Excellent
267,BSNL,2G,Travelling,Madhya Pradesh,0.0,100.0,0.0,Excellent
268,BSNL,2G,Travelling,Maharashtra,12.0,82.0,6.0,Excellent
269,BSNL,2G,Travelling,Manipur,0.0,100.0,0.0,Excellent
270,BSNL,2G,Travelling,Odisha,0.0,100.0,0.0,Excellent
271,BSNL,2G,Travelling,Tamil Nadu,0.0,100.0,0.0,Excellent
272,BSNL,2G,Travelling,Telangana,6.896551724137932,79.3103448275862,13.79310344827586,Very Good
273,BSNL,2G,Travelling,Uttar Pradesh,0.0,66.66666666666666,33.33333333333333,Very Good
274,BSNL,2G,Travelling,Uttarakhand,0.0,0.0,100.0,Inadequate
275,BSNL,2G,Travelling,West Bengal,4.166666666666666,8.333333333333332,87.5,Inadequate
276,BSNL,3G,Indoor,Andaman and Nicobar Islands,11.764705882352938,17.647058823529417,70.58823529411767,Inadequate
277,BSNL,3G,Indoor,Andhra Pradesh,5.326876513317192,90.79903147699758,3.87409200968523,Excellent
278,BSNL,3G,Indoor,Assam,0.0,0.0,100.0,Inadequate
279,BSNL,3G,Indoor,Chattisgarh,25.0,16.666666666666664,58.33333333333334,Inadequate
280,BSNL,3G,Indoor,Delhi,0.0,50.0,50.0,Average
281,BSNL,3G,Indoor,Gujarat,81.55339805825244,13.106796116504855,5.339805825242718,Inadequate
282,BSNL,3G,Indoor,Himachal Pradesh,0.0,44.444444444444436,55.55555555555557,Average
283,BSNL,3G,Indoor,Jharkhand,0.0,0.0,100.0,Inadequate
284,BSNL,3G,Indoor,Karnataka,14.64968152866242,49.68152866242039,35.668789808917204,Average
285,BSNL,3G,Indoor,Kerala,0.7067137809187279,45.58303886925796,53.710247349823334,Average
286,BSNL,3G,Indoor,Madhya Pradesh,0.9803921568627452,72.54901960784314,26.470588235294123,Very Good
287,BSNL,3G,Indoor,Maharashtra,7.289002557544758,86.44501278772378,6.265984654731457,Excellent
288,BSNL,3G,Indoor,Manipur,0.0,100.0,0.0,Excellent
289,BSNL,3G,Indoor,Odisha,8.333333333333332,62.5,29.16666666666667,Very Good
290,BSNL,3G,Indoor,Pondicherry,0.0,0.0,100.0,Inadequate
291,BSNL,3G,Indoor,Punjab,0.7042253521126761,99.2957746478873,0.0,Excellent
292,BSNL,3G,Indoor,Rajasthan,4.166666666666666,75.0,20.833333333333336,Very Good
293,BSNL,3G,Indoor,Tamil Nadu,7.456140350877192,82.89473684210526,9.649122807017543,Excellent
294,BSNL,3G,Indoor,Telangana,1.884253028263796,95.02018842530285,3.0955585464333777,Excellent
295,BSNL,3G,Indoor,Uttar Pradesh,15.789473684210524,73.68421052631578,10.526315789473683,Very Good
296,BSNL,3G,Indoor,Uttarakhand,42.857142857142854,42.857142857142854,14.285714285714285,Average
297,BSNL,3G,Indoor,West Bengal,2.185792349726776,75.40983606557377,22.404371584699454,Very Good
298,BSNL,3G,Outdoor,Andaman and Nicobar Islands,80.0,20.0,0.0,Inadequate
299,BSNL,3G,Outdoor,Andhra Pradesh,28.125,28.125,43.75,Poor
300,BSNL,3G,Outdoor,Chattisgarh,12.5,12.5,75.0,Inadequate
301,BSNL,3G,Outdoor,Delhi,100.0,0.0,0.0,Inadequate
302,BSNL,3G,Outdoor,Gujarat,22.222222222222214,50.0,27.777777777777786,Average
303,BSNL,3G,Outdoor,Haryana,0.0,100.0,0.0,Excellent
304,BSNL,3G,Outdoor,Himachal Pradesh,0.0,100.0,0.0,Excellent
305,BSNL,3G,Outdoor,Jharkhand,8.108108108108109,18.918918918918926,72.97297297297297,Inadequate
306,BSNL,3G,Outdoor,Karnataka,4.3478260869565215,63.76811594202898,31.88405797101449,Very Good
307,BSNL,3G,Outdoor,Kerala,3.4482758620689653,96.55172413793105,0.0,Excellent
308,BSNL,3G,Outdoor,Madhya Pradesh,100.0,0.0,0.0,Inadequate
309,BSNL,3G,Outdoor,Maharashtra,1.0869565217391304,92.3913043478261,6.521739130434782,Excellent
310,BSNL,3G,Outdoor,Odisha,0.0,87.09677419354837,12.903225806451616,Excellent
311,BSNL,3G,Outdoor,Punjab,0.0,89.47368421052632,10.526315789473683,Excellent
312,BSNL,3G,Outdoor,Rajasthan,0.0,97.2972972972973,2.7027027027027017,Excellent
313,BSNL,3G,Outdoor,Tamil Nadu,5.0,71.66666666666667,23.33333333333333,Very Good
314,BSNL,3G,Outdoor,Telangana,0.7194244604316548,96.40287769784172,2.8776978417266186,Excellent
315,BSNL,3G,Outdoor,Uttar Pradesh,5.5555555555555545,77.7777777777778,16.666666666666664,Very Good
316,BSNL,3G,Outdoor,Uttarakhand,8.333333333333332,8.333333333333332,83.33333333333334,Inadequate
317,BSNL,3G,Outdoor,West Bengal,2.42914979757085,11.740890688259109,85.82995951417004,Inadequate
318,BSNL,3G,Travelling,Andaman and Nicobar Islands,33.33333333333333,0.0,66.66666666666666,Inadequate
319,BSNL,3G,Travelling,Andhra Pradesh,25.0,50.0,25.0,Average
320,BSNL,3G,Travelling,Chattisgarh,0.0,50.0,50.0,Average
321,BSNL,3G,Travelling,Gujarat,9.090909090909092,72.72727272727273,18.181818181818183,Very Good
322,BSNL,3G,Travelling,Haryana,0.0,66.66666666666666,33.33333333333333,Very Good
323,BSNL,3G,Travelling,Himachal Pradesh,0.0,0.0,100.0,Inadequate
324,BSNL,3G,Travelling,Jharkhand,0.0,58.97435897435898,41.02564102564102,Average
325,BSNL,3G,Travelling,Karnataka,1.9230769230769231,76.92307692307693,21.15384615384616,Very Good
326,BSNL,3G,Travelling,Kerala,12.5,87.5,0.0,Excellent
327,BSNL,3G,Travelling,Madhya Pradesh,0.0,100.0,0.0,Excellent
328,BSNL,3G,Travelling,Maharashtra,3.7135278514588856,91.24668435013264,5.039787798408488,Excellent
329,BSNL,3G,Travelling,Manipur,0.0,100.0,0.0,Excellent
330,BSNL,3G,Travelling,Odisha,12.5,50.0,37.5,Average
331,BSNL,3G,Travelling,Pondicherry,0.0,0.0,100.0,Inadequate
332,BSNL,3G,Travelling,Punjab,10.0,90.0,0.0,Excellent
333,BSNL,3G,Travelling,Rajasthan,0.0,75.0,25.0,Very Good
334,BSNL,3G,Travelling,Tamil Nadu,22.222222222222214,55.55555555555557,22.222222222222214,Average
335,BSNL,3G,Travelling,Telangana,14.893617021276595,72.3404255319149,12.76595744680851,Very Good
336,BSNL,3G,Travelling,Uttar Pradesh,0.0,64.70588235294117,35.29411764705883,Very Good
337,BSNL,3G,Travelling,Uttarakhand,0.0,20.0,80.0,Inadequate
338,BSNL,3G,Travelling,West Bengal,13.636363636363635,13.636363636363635,72.72727272727273,Inadequate
339,BSNL,4G,Indoor,Andaman and Nicobar Islands,0.0,0.0,100.0,Inadequate
340,BSNL,4G,Indoor,Andhra Pradesh,2.747252747252748,95.05494505494505,2.1978021978021984,Excellent
341,BSNL,4G,Indoor,Bihar,35.714285714285715,21.428571428571427,42.857142857142854,Poor
342,BSNL,4G,Indoor,Chattisgarh,50.0,25.0,25.0,Poor
343,BSNL,4G,Indoor,Gujarat,5.660377358490568,79.24528301886792,15.094339622641508,Very Good
344,BSNL,4G,Indoor,Haryana,10.0,60.0,30.0,Average
345,BSNL,4G,Indoor,Jharkhand,0.0,100.0,0.0,Excellent
346,BSNL,4G,Indoor,Karnataka,0.0,100.0,0.0,Excellent
347,BSNL,4G,Indoor,Kerala,4.10958904109589,83.56164383561644,12.32876712328767,Excellent
348,BSNL,4G,Indoor,Madhya Pradesh,14.285714285714285,80.95238095238095,4.761904761904762,Excellent
349,BSNL,4G,Indoor,Maharashtra,6.779661016949151,75.42372881355931,17.796610169491522,Very Good
350,BSNL,4G,Indoor,Odisha,60.0,20.0,20.0,Inadequate
351,BSNL,4G,Indoor,Punjab,16.666666666666664,41.66666666666667,41.66666666666667,Average
352,BSNL,4G,Indoor,Rajasthan,15.384615384615385,30.76923076923077,53.84615384615386,Poor
353,BSNL,4G,Indoor,Tamil Nadu,0.8771929824561403,92.10526315789473,7.0175438596491215,Excellent
354,BSNL,4G,Indoor,Telangana,8.0,36.0,56.00000000000001,Poor
355,BSNL,4G,Indoor,Uttar Pradesh,25.0,0.0,75.0,Inadequate
356,BSNL,4G,Indoor,West Bengal,5.405405405405406,83.7837837837838,10.810810810810812,Excellent
357,BSNL,4G,Outdoor,Andaman and Nicobar Islands,0.0,100.0,0.0,Excellent
358,BSNL,4G,Outdoor,Andhra Pradesh,0.0,75.0,25.0,Very Good
359,BSNL,4G,Outdoor,Assam,0.0,100.0,0.0,Excellent
360,BSNL,4G,Outdoor,Bihar,0.0,100.0,0.0,Excellent
361,BSNL,4G,Outdoor,Chattisgarh,0.0,50.0,50.0,Average
362,BSNL,4G,Outdoor,Gujarat,2.2058823529411766,91.91176470588236,5.882352941176469,Excellent
363,BSNL,4G,Outdoor,Haryana,0.0,100.0,0.0,Excellent
364,BSNL,4G,Outdoor,Karnataka,0.0,60.0,40.0,Average
365,BSNL,4G,Outdoor,Kerala,0.0,90.4761904761905,9.523809523809524,Excellent
366,BSNL,4G,Outdoor,Madhya Pradesh,16.666666666666664,83.33333333333334,0.0,Excellent
367,BSNL,4G,Outdoor,Maharashtra,5.882352941176469,76.47058823529412,17.647058823529417,Very Good
368,BSNL,4G,Outdoor,Odisha,0.0,100.0,0.0,Excellent
369,BSNL,4G,Outdoor,Pondicherry,0.0,100.0,0.0,Excellent
370,BSNL,4G,Outdoor,Punjab,100.0,0.0,0.0,Inadequate
371,BSNL,4G,Outdoor,Rajasthan,22.222222222222214,22.222222222222214,55.55555555555557,Poor
372,BSNL,4G,Outdoor,Tamil Nadu,1.5384615384615383,89.23076923076924,9.230769230769232,Excellent
373,BSNL,4G,Outdoor,Telangana,16.666666666666664,33.33333333333333,50.0,Poor
374,BSNL,4G,Outdoor,Uttar Pradesh,37.5,25.0,37.5,Poor
375,BSNL,4G,Outdoor,Uttarakhand,0.0,42.857142857142854,57.14285714285714,Average
376,BSNL,4G,Outdoor,West Bengal,0.0,93.75,6.25,Excellent
377,BSNL,4G,Travelling,Andaman and Nicobar Islands,0.0,0.0,100.0,Inadequate
378,BSNL,4G,Travelling,Andhra Pradesh,2.4390243902439024,92.6829268292683,4.878048780487805,Excellent
379,BSNL,4G,Travelling,Bihar,33.33333333333333,0.0,66.66666666666666,Inadequate
380,BSNL,4G,Travelling,Chattisgarh,0.0,100.0,0.0,Excellent
381,BSNL,4G,Travelling,Gujarat,0.0,66.66666666666666,33.33333333333333,Very Good
382,BSNL,4G,Travelling,Haryana,42.857142857142854,14.285714285714285,42.857142857142854,Inadequate
383,BSNL,4G,Travelling,Jharkhand,0.0,100.0,0.0,Excellent
384,BSNL,4G,Travelling,Karnataka,0.0,100.0,0.0,Excellent
385,BSNL,4G,Travelling,Kerala,0.0,83.33333333333334,16.666666666666664,Excellent
386,BSNL,4G,Travelling,Madhya Pradesh,0.0,72.72727272727273,27.27272727272727,Very Good
387,BSNL,4G,Travelling,Maharashtra,2.083333333333333,87.5,10.416666666666668,Excellent
388,BSNL,4G,Travelling,Manipur,0.0,100.0,0.0,Excellent
389,BSNL,4G,Travelling,Punjab,0.0,50.0,50.0,Average
390,BSNL,4G,Travelling,Rajasthan,0.0,85.71428571428571,14.285714285714285,Excellent
391,BSNL,4G,Travelling,Tamil Nadu,0.0,61.53846153846154,38.46153846153847,Very Good
392,BSNL,4G,Travelling,Telangana,0.0,71.42857142857143,28.57142857142857,Very Good
393,BSNL,4G,Travelling,Uttar Pradesh,18.181818181818183,63.63636363636363,18.181818181818183,Very Good
394,BSNL,4G,Travelling,Uttarakhand,0.0,50.0,50.0,Average
395,BSNL,4G,Travelling,West Bengal,0.0,100.0,0.0,Excellent
396,Idea,2G,Indoor,Bihar,100.0,0.0,0.0,Inadequate
397,Idea,2G,Indoor,Delhi,5.5555555555555545,88.88888888888891,5.5555555555555545,Excellent
398,Idea,2G,Indoor,Goa,0.0,100.0,0.0,Excellent
399,Idea,2G,Indoor,Gujarat,28.57142857142857,0.0,71.42857142857143,Inadequate
400,Idea,2G,Indoor,Haryana,0.0,100.0,0.0,Excellent
401,Idea,2G,Indoor,Karnataka,50.0,0.0,50.0,Inadequate
402,Idea,2G,Indoor,Kerala,2.2222222222222223,22.222222222222214,75.55555555555556,Poor
403,Idea,2G,Indoor,Madhya Pradesh,25.0,25.0,50.0,Poor
404,Idea,2G,Indoor,Maharashtra,5.241935483870968,75.80645161290323,18.951612903225808,Very Good
405,Idea,2G,Indoor,Odisha,0.0,100.0,0.0,Excellent
406,Idea,2G,Indoor,Punjab,0.0,37.5,62.5,Poor
407,Idea,2G,Indoor,Tamil Nadu,75.0,25.0,0.0,Poor
408,Idea,2G,Indoor,Telangana,3.0303030303030303,45.45454545454545,51.51515151515152,Average
409,Idea,2G,Indoor,Uttar Pradesh,20.0,40.0,40.0,Poor
410,Idea,2G,Indoor,Uttarakhand,80.0,0.0,20.0,Inadequate
411,Idea,2G,Outdoor,Andhra Pradesh,0.0,50.0,50.0,Average
412,Idea,2G,Outdoor,Bihar,0.0,100.0,0.0,Excellent
413,Idea,2G,Outdoor,Chattisgarh,0.0,100.0,0.0,Excellent
414,Idea,2G,Outdoor,Delhi,0.0,33.33333333333333,66.66666666666666,Poor
415,Idea,2G,Outdoor,Gujarat,3.571428571428571,89.2857142857143,7.142857142857142,Excellent
416,Idea,2G,Outdoor,Haryana,0.0,0.0,100.0,Inadequate
417,Idea,2G,Outdoor,Jharkhand,100.0,0.0,0.0,Inadequate
418,Idea,2G,Outdoor,Karnataka,0.0,12.5,87.5,Inadequate
419,Idea,2G,Outdoor,Kerala,7.142857142857142,57.14285714285714,35.714285714285715,Average
420,Idea,2G,Outdoor,Madhya Pradesh,22.222222222222214,0.0,77.7777777777778,Inadequate
421,Idea,2G,Outdoor,Maharashtra,13.157894736842106,39.473684210526315,47.368421052631575,Poor
422,Idea,2G,Outdoor,Odisha,0.0,100.0,0.0,Excellent
423,Idea,2G,Outdoor,Telangana,3.7037037037037033,18.51851851851852,77.7777777777778,Inadequate
424,Idea,2G,Outdoor,Uttar Pradesh,0.0,47.058823529411754,52.941176470588246,Average
425,Idea,2G,Outdoor,Uttarakhand,0.0,50.0,50.0,Average
426,Idea,2G,Outdoor,West Bengal,0.0,100.0,0.0,Excellent
427,Idea,2G,Travelling,Andhra Pradesh,0.0,50.0,50.0,Average
428,Idea,2G,Travelling,Bihar,0.0,100.0,0.0,Excellent
429,Idea,2G,Travelling,Chattisgarh,0.0,100.0,0.0,Excellent
430,Idea,2G,Travelling,Gujarat,12.5,75.0,12.5,Very Good
431,Idea,2G,Travelling,Haryana,0.0,25.0,75.0,Poor
432,Idea,2G,Travelling,Jharkhand,0.0,100.0,0.0,Excellent
433,Idea,2G,Travelling,Kerala,20.0,60.0,20.0,Average
434,Idea,2G,Travelling,Madhya Pradesh,0.0,100.0,0.0,Excellent
435,Idea,2G,Travelling,Maharashtra,15.0,70.0,15.0,Very Good
436,Idea,2G,Travelling,Tamil Nadu,0.0,100.0,0.0,Excellent
437,Idea,2G,Travelling,Telangana,5.5555555555555545,77.7777777777778,16.666666666666664,Very Good
438,Idea,2G,Travelling,Uttar Pradesh,50.0,50.0,0.0,Average
439,Idea,2G,Travelling,Uttarakhand,0.0,66.66666666666666,33.33333333333333,Very Good
440,Idea,2G,Travelling,West Bengal,0.0,0.0,100.0,Inadequate
441,Idea,3G,Indoor,Andhra Pradesh,31.25,18.75,50.0,Inadequate
442,Idea,3G,Indoor,Bihar,55.55555555555557,38.888888888888886,5.5555555555555545,Poor
443,Idea,3G,Indoor,Chattisgarh,0.0,80.0,20.0,Very Good
444,Idea,3G,Indoor,Delhi,13.333333333333336,58.33333333333334,28.33333333333333,Average
445,Idea,3G,Indoor,Goa,5.5555555555555545,69.44444444444444,25.0,Very Good
446,Idea,3G,Indoor,Gujarat,5.405405405405406,52.7027027027027,41.8918918918919,Average
447,Idea,3G,Indoor,Haryana,3.571428571428571,21.428571428571427,75.0,Poor
448,Idea,3G,Indoor,Jharkhand,0.0,80.76923076923076,19.230769230769234,Excellent
449,Idea,3G,Indoor,Karnataka,50.0,25.0,25.0,Poor
450,Idea,3G,Indoor,Kerala,2.1653543307086616,8.267716535433072,89.56692913385827,Inadequate
451,Idea,3G,Indoor,Madhya Pradesh,7.6923076923076925,84.61538461538461,7.6923076923076925,Excellent
452,Idea,3G,Indoor,Maharashtra,6.45352279455299,78.98164594434577,14.564831261101244,Very Good
453,Idea,3G,Indoor,Punjab,8.695652173913043,82.6086956521739,8.695652173913043,Excellent
454,Idea,3G,Indoor,Rajasthan,16.666666666666664,0.0,83.33333333333334,Inadequate
455,Idea,3G,Indoor,Tamil Nadu,50.0,16.666666666666664,33.33333333333333,Inadequate
456,Idea,3G,Indoor,Telangana,3.811659192825112,73.31838565022422,22.869955156950674,Very Good
457,Idea,3G,Indoor,Uttar Pradesh,20.212765957446805,23.40425531914893,56.38297872340424,Poor
458,Idea,3G,Indoor,Uttarakhand,12.307692307692307,36.92307692307693,50.769230769230774,Poor
459,Idea,3G,Indoor,West Bengal,0.0,86.8421052631579,13.157894736842106,Excellent
460,Idea,3G,Outdoor,Andhra Pradesh,13.043478260869565,52.17391304347826,34.78260869565217,Average
461,Idea,3G,Outdoor,Bihar,47.058823529411754,11.764705882352938,41.17647058823529,Inadequate
462,Idea,3G,Outdoor,Chattisgarh,0.0,75.0,25.0,Very Good
463,Idea,3G,Outdoor,Daman and Diu,0.0,100.0,0.0,Excellent
464,Idea,3G,Outdoor,Delhi,11.538461538461535,26.92307692307693,61.53846153846154,Poor
465,Idea,3G,Outdoor,Goa,14.285714285714285,50.0,35.714285714285715,Average
466,Idea,3G,Outdoor,Gujarat,1.5384615384615383,79.48717948717949,18.974358974358974,Very Good
467,Idea,3G,Outdoor,Haryana,0.0,8.0,92.0,Inadequate
468,Idea,3G,Outdoor,Jharkhand,50.0,50.0,0.0,Average
469,Idea,3G,Outdoor,Karnataka,4.166666666666666,8.333333333333332,87.5,Inadequate
470,Idea,3G,Outdoor,Kerala,1.9230769230769231,46.153846153846146,51.92307692307693,Average
471,Idea,3G,Outdoor,Madhya Pradesh,0.0,46.153846153846146,53.84615384615386,Average
472,Idea,3G,Outdoor,Maharashtra,5.615550755939525,41.25269978401728,53.1317494600432,Average
473,Idea,3G,Outdoor,Odisha,0.0,100.0,0.0,Excellent
474,Idea,3G,Outdoor,Punjab,11.111111111111107,44.444444444444436,44.444444444444436,Average
475,Idea,3G,Outdoor,Rajasthan,20.0,40.0,40.0,Poor
476,Idea,3G,Outdoor,Telangana,9.090909090909092,50.649350649350644,40.259740259740255,Average
477,Idea,3G,Outdoor,Uttar Pradesh,14.444444444444445,62.22222222222222,23.33333333333333,Very Good
478,Idea,3G,Outdoor,Uttarakhand,20.6896551724138,68.96551724137932,10.344827586206897,Very Good
479,Idea,3G,Outdoor,West Bengal,0.0,100.0,0.0,Excellent
480,Idea,3G,Travelling,Andhra Pradesh,4.761904761904762,76.19047619047619,19.047619047619047,Very Good
481,Idea,3G,Travelling,Bihar,14.285714285714285,71.42857142857143,14.285714285714285,Very Good
482,Idea,3G,Travelling,Chattisgarh,0.0,100.0,0.0,Excellent
483,Idea,3G,Travelling,Delhi,0.0,35.29411764705883,64.70588235294117,Poor
484,Idea,3G,Travelling,Gujarat,5.357142857142857,82.14285714285714,12.5,Excellent
485,Idea,3G,Travelling,Haryana,0.0,7.59493670886076,92.40506329113924,Inadequate
486,Idea,3G,Travelling,Jharkhand,50.0,50.0,0.0,Average
487,Idea,3G,Travelling,Karnataka,0.0,66.66666666666666,33.33333333333333,Very Good
488,Idea,3G,Travelling,Kerala,4.0,52.0,44.0,Average
489,Idea,3G,Travelling,Madhya Pradesh,20.0,70.0,10.0,Very Good
490,Idea,3G,Travelling,Maharashtra,3.681885125184096,88.51251840942562,7.80559646539028,Excellent
491,Idea,3G,Travelling,Punjab,0.0,100.0,0.0,Excellent
492,Idea,3G,Travelling,Rajasthan,75.0,0.0,25.0,Inadequate
493,Idea,3G,Travelling,Tamil Nadu,0.0,0.0,100.0,Inadequate
494,Idea,3G,Travelling,Telangana,1.875,91.25,6.875000000000001,Excellent
495,Idea,3G,Travelling,Uttar Pradesh,8.108108108108109,59.45945945945946,32.432432432432435,Average
496,Idea,3G,Travelling,Uttarakhand,0.0,60.0,40.0,Average
497,Idea,3G,Travelling,West Bengal,0.0,0.0,100.0,Inadequate
498,Idea,4G,Indoor,Andhra Pradesh,7.920792079207921,70.04950495049505,22.02970297029703,Very Good
499,Idea,4G,Indoor,Bihar,28.57142857142857,64.28571428571429,7.142857142857142,Very Good
500,Idea,4G,Indoor,Chandigarh,0.0,100.0,0.0,Excellent
501,Idea,4G,Indoor,Chattisgarh,0.0,85.71428571428571,14.285714285714285,Excellent
502,Idea,4G,Indoor,Delhi,10.256410256410255,53.84615384615386,35.8974358974359,Average
503,Idea,4G,Indoor,Goa,11.111111111111107,82.53968253968253,6.349206349206349,Excellent
504,Idea,4G,Indoor,Gujarat,9.119496855345911,50.9433962264151,39.937106918239,Average
505,Idea,4G,Indoor,Haryana,0.0,37.5,62.5,Poor
506,Idea,4G,Indoor,Jharkhand,0.9523809523809524,99.04761904761904,0.0,Excellent
507,Idea,4G,Indoor,Karnataka,23.88059701492537,38.805970149253724,37.3134328358209,Poor
508,Idea,4G,Indoor,Kerala,1.6553067185978578,11.489776046738072,86.85491723466406,Inadequate
509,Idea,4G,Indoor,Madhya Pradesh,24.324324324324326,37.83783783783785,37.83783783783785,Poor
510,Idea,4G,Indoor,Maharashtra,26.31184407796103,54.797601199400304,18.89055472263868,Average
511,Idea,4G,Indoor,Punjab,5.4945054945054945,84.06593406593407,10.43956043956044,Excellent
512,Idea,4G,Indoor,Rajasthan,0.0,84.21052631578947,15.789473684210524,Excellent
513,Idea,4G,Indoor,Tamil Nadu,42.5,37.5,20.0,Poor
514,Idea,4G,Indoor,Telangana,11.764705882352938,60.0,28.235294117647058,Average
515,Idea,4G,Indoor,Uttar Pradesh,21.076233183856505,52.91479820627802,26.00896860986547,Average
516,Idea,4G,Indoor,Uttarakhand,4.2105263157894735,53.68421052631579,42.105263157894726,Average
517,Idea,4G,Indoor,West Bengal,0.0,100.0,0.0,Excellent
518,Idea,4G,Outdoor,Andhra Pradesh,4.390243902439024,84.39024390243901,11.219512195121954,Excellent
519,Idea,4G,Outdoor,Bihar,36.36363636363637,54.54545454545454,9.090909090909092,Average
520,Idea,4G,Outdoor,Chandigarh,50.0,50.0,0.0,Average
521,Idea,4G,Outdoor,Chattisgarh,0.0,92.85714285714286,7.142857142857142,Excellent
522,Idea,4G,Outdoor,Delhi,0.0,51.02040816326532,48.979591836734684,Average
523,Idea,4G,Outdoor,Goa,27.27272727272727,54.54545454545454,18.181818181818183,Average
524,Idea,4G,Outdoor,Gujarat,10.769230769230768,43.07692307692307,46.153846153846146,Average
525,Idea,4G,Outdoor,Haryana,0.0,0.0,100.0,Inadequate
526,Idea,4G,Outdoor,Jharkhand,0.0,100.0,0.0,Excellent
527,Idea,4G,Outdoor,Karnataka,6.9444444444444455,6.9444444444444455,86.11111111111109,Inadequate
528,Idea,4G,Outdoor,Kerala,9.210526315789473,26.315789473684212,64.47368421052633,Poor
529,Idea,4G,Outdoor,Madhya Pradesh,29.72972972972973,27.02702702702703,43.24324324324325,Poor
530,Idea,4G,Outdoor,Maharashtra,13.698630136986301,63.83561643835617,22.46575342465753,Very Good
531,Idea,4G,Outdoor,Punjab,12.5,70.3125,17.1875,Very Good
532,Idea,4G,Outdoor,Rajasthan,0.0,87.5,12.5,Excellent
533,Idea,4G,Outdoor,Tamil Nadu,0.0,84.61538461538461,15.384615384615385,Excellent
534,Idea,4G,Outdoor,Telangana,11.864406779661017,61.016949152542374,27.118644067796605,Very Good
535,Idea,4G,Outdoor,Uttar Pradesh,7.142857142857142,68.75,24.107142857142854,Very Good
536,Idea,4G,Outdoor,Uttarakhand,5.594405594405594,73.42657342657344,20.97902097902098,Very Good
537,Idea,4G,Outdoor,West Bengal,0.0,100.0,0.0,Excellent
538,Idea,4G,Travelling,Andhra Pradesh,7.4074074074074066,79.62962962962962,12.962962962962965,Very Good
539,Idea,4G,Travelling,Assam,0.0,100.0,0.0,Excellent
540,Idea,4G,Travelling,Bihar,0.0,95.23809523809523,4.761904761904762,Excellent
541,Idea,4G,Travelling,Chattisgarh,0.0,95.65217391304348,4.3478260869565215,Excellent
542,Idea,4G,Travelling,Delhi,3.333333333333333,10.0,86.66666666666669,Inadequate
543,Idea,4G,Travelling,Goa,0.0,100.0,0.0,Excellent
544,Idea,4G,Travelling,Gujarat,6.521739130434782,82.88043478260869,10.597826086956523,Excellent
545,Idea,4G,Travelling,Haryana,2.3255813953488373,11.627906976744184,86.04651162790701,Inadequate
546,Idea,4G,Travelling,Jharkhand,14.285714285714285,85.71428571428571,0.0,Excellent
547,Idea,4G,Travelling,Karnataka,3.4482758620689653,48.27586206896552,48.27586206896552,Average
548,Idea,4G,Travelling,Kerala,25.0,22.222222222222214,52.77777777777778,Poor
549,Idea,4G,Travelling,Madhya Pradesh,15.384615384615385,30.76923076923077,53.84615384615386,Poor
550,Idea,4G,Travelling,Maharashtra,10.59322033898305,69.0677966101695,20.33898305084746,Very Good
551,Idea,4G,Travelling,Odisha,0.0,50.0,50.0,Average
552,Idea,4G,Travelling,Punjab,0.0,83.33333333333334,16.666666666666664,Excellent
553,Idea,4G,Travelling,Rajasthan,0.0,0.0,100.0,Inadequate
554,Idea,4G,Travelling,Tamil Nadu,21.428571428571427,57.14285714285714,21.428571428571427,Average
555,Idea,4G,Travelling,Telangana,6.666666666666668,90.0,3.333333333333333,Excellent
556,Idea,4G,Travelling,Uttar Pradesh,28.767123287671232,42.46575342465753,28.767123287671232,Average
557,Idea,4G,Travelling,Uttarakhand,7.547169811320754,35.849056603773576,56.60377358490565,Poor
558,Idea,4G,Travelling,West Bengal,0.0,100.0,0.0,Excellent
559,MTNL,2G,Indoor,Maharashtra,25.0,50.0,25.0,Average
560,MTNL,2G,Outdoor,Maharashtra,0.0,100.0,0.0,Excellent
561,MTNL,2G,Travelling,Maharashtra,66.66666666666666,33.33333333333333,0.0,Poor
562,MTNL,2G,Travelling,Uttar Pradesh,0.0,100.0,0.0,Excellent
563,MTNL,3G,Indoor,Delhi,20.0,33.33333333333333,46.66666666666666,Poor
564,MTNL,3G,Indoor,Haryana,33.33333333333333,33.33333333333333,33.33333333333333,Poor
565,MTNL,3G,Indoor,Karnataka,0.0,100.0,0.0,Excellent
566,MTNL,3G,Indoor,Maharashtra,31.03448275862069,55.17241379310346,13.79310344827586,Average
567,MTNL,3G,Outdoor,Delhi,0.0,0.0,100.0,Inadequate
568,MTNL,3G,Outdoor,Haryana,0.0,0.0,100.0,Inadequate
569,MTNL,3G,Outdoor,Maharashtra,20.0,60.0,20.0,Average
570,MTNL,3G,Travelling,Delhi,0.0,0.0,100.0,Inadequate
571,MTNL,3G,Travelling,Maharashtra,22.222222222222214,77.7777777777778,0.0,Very Good
572,MTNL,3G,Travelling,Uttar Pradesh,100.0,0.0,0.0,Inadequate
573,MTNL,4G,Indoor,Delhi,12.5,75.0,12.5,Very Good
574,MTNL,4G,Indoor,Haryana,25.0,75.0,0.0,Very Good
575,MTNL,4G,Indoor,Maharashtra,14.685314685314689,85.31468531468529,0.0,Excellent
576,MTNL,4G,Indoor,Uttar Pradesh,0.0,0.0,100.0,Inadequate
577,MTNL,4G,Outdoor,Delhi,0.0,25.0,75.0,Poor
578,MTNL,4G,Outdoor,Haryana,0.0,0.0,100.0,Inadequate
579,MTNL,4G,Outdoor,Maharashtra,5.172413793103448,93.10344827586206,1.7241379310344829,Excellent
580,MTNL,4G,Travelling,Delhi,20.0,80.0,0.0,Very Good
581,MTNL,4G,Travelling,Haryana,0.0,33.33333333333333,66.66666666666666,Poor
582,MTNL,4G,Travelling,Maharashtra,11.111111111111107,88.88888888888891,0.0,Excellent
583,Other,2G,Indoor,Kerala,0.0,0.0,100.0,Inadequate
584,Other,2G,Indoor,Odisha,28.57142857142857,14.285714285714285,57.14285714285714,Inadequate
585,Other,2G,Indoor,Tamil Nadu,9.090909090909092,0.0,90.9090909090909,Inadequate
586,Other,2G,Outdoor,Odisha,25.0,50.0,25.0,Average
587,Other,2G,Outdoor,Tamil Nadu,0.0,33.33333333333333,66.66666666666666,Poor
588,Other,2G,Travelling,Haryana,0.0,100.0,0.0,Excellent
589,Other,2G,Travelling,Tamil Nadu,0.0,0.0,100.0,Inadequate
590,Other,3G,Indoor,Kerala,0.0,0.0,100.0,Inadequate
591,Other,3G,Indoor,Maharashtra,100.0,0.0,0.0,Inadequate
592,Other,3G,Indoor,Rajasthan,66.66666666666666,0.0,33.33333333333333,Inadequate
593,Other,3G,Indoor,Tamil Nadu,3.4364261168384886,15.463917525773196,81.09965635738831,Inadequate
594,Other,3G,Outdoor,Bihar,0.0,100.0,0.0,Excellent
595,Other,3G,Outdoor,Haryana,0.0,100.0,0.0,Excellent
596,Other,3G,Outdoor,Kerala,0.0,0.0,100.0,Inadequate
597,Other,3G,Outdoor,Maharashtra,0.0,0.0,100.0,Inadequate
598,Other,3G,Outdoor,Pondicherry,0.0,100.0,0.0,Excellent
599,Other,3G,Outdoor,Tamil Nadu,3.4482758620689653,41.3793103448276,55.17241379310346,Average
600,Other,3G,Outdoor,Telangana,0.0,100.0,0.0,Excellent
601,Other,3G,Outdoor,Uttar Pradesh,0.0,88.88888888888891,11.111111111111107,Excellent
602,Other,3G,Outdoor,Uttarakhand,0.0,100.0,0.0,Excellent
603,Other,3G,Travelling,Haryana,0.0,100.0,0.0,Excellent
604,Other,3G,Travelling,Jharkhand,0.0,100.0,0.0,Excellent
605,Other,3G,Travelling,Kerala,0.0,0.0,100.0,Inadequate
606,Other,3G,Travelling,Maharashtra,100.0,0.0,0.0,Inadequate
607,Other,3G,Travelling,Tamil Nadu,0.0,22.222222222222214,77.7777777777778,Poor
608,Other,3G,Travelling,West Bengal,0.0,0.0,100.0,Inadequate
609,Other,4G,Indoor,Andhra Pradesh,100.0,0.0,0.0,Inadequate
610,Other,4G,Indoor,Karnataka,100.0,0.0,0.0,Inadequate
611,Other,4G,Indoor,Madhya Pradesh,0.0,100.0,0.0,Excellent
612,Other,4G,Indoor,Maharashtra,0.0,0.0,100.0,Inadequate
613,Other,4G,Indoor,Odisha,0.0,33.33333333333333,66.66666666666666,Poor
614,Other,4G,Indoor,Rajasthan,33.33333333333333,0.0,66.66666666666666,Inadequate
615,Other,4G,Indoor,Uttar Pradesh,0.0,100.0,0.0,Excellent
616,Other,4G,Outdoor,Andhra Pradesh,50.0,0.0,50.0,Inadequate
617,Other,4G,Outdoor,Assam,0.0,100.0,0.0,Excellent
618,Other,4G,Outdoor,Bihar,0.0,100.0,0.0,Excellent
619,Other,4G,Outdoor,Delhi,0.0,100.0,0.0,Excellent
620,Other,4G,Outdoor,Gujarat,0.0,100.0,0.0,Excellent
621,Other,4G,Outdoor,Haryana,0.0,100.0,0.0,Excellent
622,Other,4G,Outdoor,Karnataka,25.0,25.0,50.0,Poor
623,Other,4G,Outdoor,Kerala,0.0,100.0,0.0,Excellent
624,Other,4G,Outdoor,Maharashtra,0.0,0.0,100.0,Inadequate
625,Other,4G,Outdoor,Odisha,0.0,33.33333333333333,66.66666666666666,Poor
626,Other,4G,Outdoor,Rajasthan,0.0,100.0,0.0,Excellent
627,Other,4G,Outdoor,Tamil Nadu,0.0,100.0,0.0,Excellent
628,Other,4G,Outdoor,Telangana,0.0,0.0,100.0,Inadequate
629,Other,4G,Outdoor,Tripura,0.0,100.0,0.0,Excellent
630,Other,4G,Outdoor,Uttar Pradesh,0.0,58.33333333333334,41.66666666666667,Average
631,Other,4G,Outdoor,West Bengal,0.0,33.33333333333333,66.66666666666666,Poor
632,Other,4G,Travelling,Assam,0.0,100.0,0.0,Excellent
633,Other,4G,Travelling,Delhi,0.0,100.0,0.0,Excellent
634,Other,4G,Travelling,Haryana,0.0,100.0,0.0,Excellent
635,Other,4G,Travelling,Karnataka,0.0,66.66666666666666,33.33333333333333,Very Good
636,Other,4G,Travelling,Maharashtra,0.0,66.66666666666666,33.33333333333333,Very Good
637,Other,4G,Travelling,Odisha,20.0,40.0,40.0,Poor
638,Other,4G,Travelling,Tamil Nadu,0.0,85.71428571428571,14.285714285714285,Excellent
639,Other,4G,Travelling,Telangana,0.0,0.3105590062111801,99.68944099378882,Inadequate
640,Other,4G,Travelling,Uttar Pradesh,0.0,84.61538461538461,15.384615384615385,Excellent
641,Other,4G,Travelling,West Bengal,0.0,0.0,100.0,Inadequate
642,RJio,2G,Indoor,Rajasthan,0.0,100.0,0.0,Excellent
643,RJio,2G,Indoor,West Bengal,0.0,0.0,100.0,Inadequate
644,RJio,2G,Outdoor,Delhi,0.0,0.0,100.0,Inadequate
645,RJio,2G,Outdoor,Gujarat,0.0,100.0,0.0,Excellent
646,RJio,2G,Outdoor,Haryana,0.0,100.0,0.0,Excellent
647,RJio,2G,Outdoor,Maharashtra,0.0,100.0,0.0,Excellent
648,RJio,2G,Outdoor,Odisha,0.0,100.0,0.0,Excellent
649,RJio,2G,Travelling,Delhi,0.0,16.666666666666664,83.33333333333334,Inadequate
650,RJio,2G,Travelling,Karnataka,0.0,100.0,0.0,Excellent
651,RJio,2G,Travelling,Maharashtra,0.0,100.0,0.0,Excellent
652,RJio,2G,Travelling,Odisha,0.0,100.0,0.0,Excellent
653,RJio,2G,Travelling,Uttar Pradesh,0.0,100.0,0.0,Excellent
654,RJio,3G,Indoor,Andhra Pradesh,0.0,100.0,0.0,Excellent
655,RJio,3G,Indoor,Karnataka,0.0,0.0,100.0,Inadequate
656,RJio,3G,Indoor,Maharashtra,21.428571428571427,71.42857142857143,7.142857142857142,Very Good
657,RJio,3G,Indoor,Uttar Pradesh,0.0,0.0,100.0,Inadequate
658,RJio,3G,Outdoor,Andhra Pradesh,0.0,100.0,0.0,Excellent
659,RJio,3G,Outdoor,Bihar,0.0,100.0,0.0,Excellent
660,RJio,3G,Outdoor,Delhi,0.0,33.33333333333333,66.66666666666666,Poor
661,RJio,3G,Outdoor,Gujarat,0.0,100.0,0.0,Excellent
662,RJio,3G,Outdoor,Haryana,0.0,100.0,0.0,Excellent
663,RJio,3G,Outdoor,Karnataka,0.0,77.7777777777778,22.222222222222214,Very Good
664,RJio,3G,Outdoor,Kerala,0.0,100.0,0.0,Excellent
665,RJio,3G,Outdoor,Madhya Pradesh,66.66666666666666,33.33333333333333,0.0,Poor
666,RJio,3G,Outdoor,Maharashtra,0.0,98.7012987012987,1.2987012987012987,Excellent
667,RJio,3G,Outdoor,Odisha,0.0,100.0,0.0,Excellent
668,RJio,3G,Outdoor,Rajasthan,0.0,0.0,100.0,Inadequate
669,RJio,3G,Outdoor,Tamil Nadu,0.0,100.0,0.0,Excellent
670,RJio,3G,Outdoor,Uttar Pradesh,0.0,62.5,37.5,Very Good
671,RJio,3G,Outdoor,West Bengal,0.0,100.0,0.0,Excellent
672,RJio,3G,Travelling,Andhra Pradesh,0.0,100.0,0.0,Excellent
673,RJio,3G,Travelling,Delhi,0.0,100.0,0.0,Excellent
674,RJio,3G,Travelling,Haryana,0.0,100.0,0.0,Excellent
675,RJio,3G,Travelling,Karnataka,0.0,100.0,0.0,Excellent
676,RJio,3G,Travelling,Maharashtra,0.0,80.0,20.0,Very Good
677,RJio,3G,Travelling,Punjab,0.0,0.0,100.0,Inadequate
678,RJio,3G,Travelling,Uttar Pradesh,0.0,73.33333333333333,26.66666666666667,Very Good
679,RJio,4G,Indoor,Andhra Pradesh,3.0912659470068693,81.648675171737,15.260058881256134,Excellent
680,RJio,4G,Indoor,Assam,6.572769953051642,41.784037558685434,51.64319248826291,Average
681,RJio,4G,Indoor,Bihar,9.688013136289001,47.70114942528736,42.61083743842365,Average
682,RJio,4G,Indoor,Chandigarh,26.315789473684212,69.04024767801857,4.643962848297214,Very Good
683,RJio,4G,Indoor,Chattisgarh,15.703517587939697,81.53266331658291,2.7638190954773867,Excellent
684,RJio,4G,Indoor,Delhi,13.280212483399731,44.046038069942455,42.67374944665781,Average
685,RJio,4G,Indoor,Goa,2.631578947368421,3.3834586466165413,93.98496240601507,Inadequate
686,RJio,4G,Indoor,Gujarat,2.4420024420024418,58.83190883190883,38.726088726088726,Average
687,RJio,4G,Indoor,Haryana,14.854771784232366,56.59751037344397,28.547717842323646,Average
688,RJio,4G,Indoor,Himachal Pradesh,80.27522935779818,13.302752293577983,6.422018348623854,Inadequate
689,RJio,4G,Indoor,Jharkhand,2.056555269922879,83.54755784061697,14.395886889460154,Excellent
690,RJio,4G,Indoor,Karnataka,10.755148741418765,73.4553775743707,15.789473684210524,Very Good
691,RJio,4G,Indoor,Kashmir,0.0,50.0,50.0,Average
692,RJio,4G,Indoor,Kerala,4.151119402985075,88.99253731343283,6.856343283582089,Excellent
693,RJio,4G,Indoor,Madhya Pradesh,10.906411201179075,79.43994104642593,9.653647752394988,Very Good
694,RJio,4G,Indoor,Maharashtra,5.739036275040608,85.03364529352619,9.227318431433213,Excellent
695,RJio,4G,Indoor,Manipur,0.0,0.0,100.0,Inadequate
696,RJio,4G,Indoor,Meghalaya,0.0,0.0,100.0,Inadequate
697,RJio,4G,Indoor,Odisha,3.1332744924977938,90.24713150926745,6.619593998234778,Excellent
698,RJio,4G,Indoor,Punjab,4.328523862375138,59.60044395116538,36.07103218645949,Average
699,RJio,4G,Indoor,Rajasthan,14.666666666666664,63.215686274509814,22.117647058823533,Very Good
700,RJio,4G,Indoor,Tamil Nadu,18.17155756207675,75.05643340857789,6.772009029345372,Very Good
701,RJio,4G,Indoor,Telangana,11.425732737208149,56.97963238946846,31.594634873323397,Average
702,RJio,4G,Indoor,Tripura,3.125,56.25,40.625,Average
703,RJio,4G,Indoor,Uttar Pradesh,7.1636267512556175,58.33994184509649,34.4964314036479,Average
704,RJio,4G,Indoor,Uttarakhand,6.0565275908479155,69.71736204576044,24.226110363391648,Very Good
705,RJio,4G,Indoor,West Bengal,3.1061022539857066,83.3837273227048,13.510170423309512,Excellent
706,RJio,4G,Outdoor,Andhra Pradesh,3.8034865293185423,83.51822503961965,12.678288431061807,Excellent
707,RJio,4G,Outdoor,Assam,6.363636363636362,40.90909090909091,52.72727272727272,Average
708,RJio,4G,Outdoor,Bihar,5.103969754253309,72.3062381852552,22.58979206049149,Very Good
709,RJio,4G,Outdoor,Chandigarh,1.5384615384615383,90.76923076923076,7.6923076923076925,Excellent
710,RJio,4G,Outdoor,Chattisgarh,3.7914691943127967,84.36018957345972,11.848341232227488,Excellent
711,RJio,4G,Outdoor,Dadra and Nagar Haveli,0.0,50.0,50.0,Average
712,RJio,4G,Outdoor,Daman and Diu,0.0,100.0,0.0,Excellent
713,RJio,4G,Outdoor,Delhi,6.5546218487394965,61.680672268907564,31.764705882352942,Very Good
714,RJio,4G,Outdoor,Goa,15.384615384615385,23.07692307692308,61.53846153846154,Poor
715,RJio,4G,Outdoor,Gujarat,2.372093023255814,88.88372093023256,8.744186046511627,Excellent
716,RJio,4G,Outdoor,Haryana,11.379310344827587,51.89655172413793,36.72413793103448,Average
717,RJio,4G,Outdoor,Himachal Pradesh,13.333333333333336,76.66666666666667,10.0,Very Good
718,RJio,4G,Outdoor,Jharkhand,1.6666666666666667,85.0,13.333333333333336,Excellent
719,RJio,4G,Outdoor,Karnataka,1.6536964980544748,81.80933852140079,16.536964980544745,Excellent
720,RJio,4G,Outdoor,Kerala,4.166666666666666,78.76984126984127,17.063492063492063,Very Good
721,RJio,4G,Outdoor,Madhya Pradesh,4.275092936802974,75.27881040892194,20.44609665427509,Very Good
722,RJio,4G,Outdoor,Maharashtra,7.729179149191133,84.62152985819851,7.649290992610347,Excellent
723,RJio,4G,Outdoor,Manipur,11.111111111111107,11.111111111111107,77.7777777777778,Inadequate
724,RJio,4G,Outdoor,Meghalaya,14.634146341463413,9.75609756097561,75.60975609756099,Inadequate
725,RJio,4G,Outdoor,Mizoram,0.0,100.0,0.0,Excellent
726,RJio,4G,Outdoor,Odisha,4.107424960505529,78.04107424960506,17.851500789889414,Very Good
727,RJio,4G,Outdoor,Punjab,25.68306010928961,48.633879781420774,25.68306010928961,Average
728,RJio,4G,Outdoor,Rajasthan,5.6657223796034,73.65439093484419,20.679886685552407,Very Good
729,RJio,4G,Outdoor,Sikkim,0.0,100.0,0.0,Excellent
730,RJio,4G,Outdoor,Tamil Nadu,1.9047619047619049,88.65079365079364,9.444444444444443,Excellent
731,RJio,4G,Outdoor,Telangana,10.928961748633881,58.7431693989071,30.327868852459016,Average
732,RJio,4G,Outdoor,Tripura,0.0,95.0,5.0,Excellent
733,RJio,4G,Outdoor,Uttar Pradesh,4.576825281511079,76.0261532873229,19.397021431166,Very Good
734,RJio,4G,Outdoor,Uttarakhand,5.019305019305019,75.67567567567569,19.305019305019304,Very Good
735,RJio,4G,Outdoor,West Bengal,2.141203703703704,77.66203703703705,20.196759259259263,Very Good
736,RJio,4G,Travelling,Andhra Pradesh,6.116504854368932,82.91262135922331,10.970873786407768,Excellent
737,RJio,4G,Travelling,Assam,0.0,87.83783783783785,12.162162162162163,Excellent
738,RJio,4G,Travelling,Bihar,3.5799522673031032,64.43914081145584,31.98090692124105,Very Good
739,RJio,4G,Travelling,Chandigarh,3.8461538461538463,65.38461538461539,30.76923076923077,Very Good
740,RJio,4G,Travelling,Chattisgarh,1.96078431372549,85.29411764705883,12.745098039215687,Excellent
741,RJio,4G,Travelling,Dadra and Nagar Haveli,0.0,87.5,12.5,Excellent
742,RJio,4G,Travelling,Daman and Diu,0.0,100.0,0.0,Excellent
743,RJio,4G,Travelling,Delhi,2.274573517465475,35.33712428919578,62.38830219333874,Poor
744,RJio,4G,Travelling,Goa,0.7117437722419928,96.44128113879006,2.8469750889679712,Excellent
745,RJio,4G,Travelling,Gujarat,1.6299137104506232,90.12464046021091,8.245445829338447,Excellent
746,RJio,4G,Travelling,Haryana,4.6,24.2,71.2,Poor
747,RJio,4G,Travelling,Himachal Pradesh,5.0,85.0,10.0,Excellent
748,RJio,4G,Travelling,Jharkhand,2.4390243902439024,85.36585365853658,12.195121951219509,Excellent
749,RJio,4G,Travelling,Karnataka,3.2188841201716736,70.60085836909872,26.180257510729607,Very Good
750,RJio,4G,Travelling,Kashmir,0.0,0.0,100.0,Inadequate
751,RJio,4G,Travelling,Kerala,4.3478260869565215,81.88405797101449,13.768115942028984,Excellent
752,RJio,4G,Travelling,Madhya Pradesh,1.7142857142857144,90.09523809523807,8.190476190476192,Excellent
753,RJio,4G,Travelling,Maharashtra,5.073877892389183,60.69138555896292,34.23473654864789,Very Good
754,RJio,4G,Travelling,Manipur,0.0,0.0,100.0,Inadequate
755,RJio,4G,Travelling,Meghalaya,100.0,0.0,0.0,Inadequate
756,RJio,4G,Travelling,Mizoram,0.0,100.0,0.0,Excellent
757,RJio,4G,Travelling,Odisha,1.4492753623188406,89.8550724637681,8.695652173913043,Excellent
758,RJio,4G,Travelling,Punjab,2.127659574468085,89.36170212765957,8.51063829787234,Excellent
759,RJio,4G,Travelling,Rajasthan,3.2573289902280136,71.9869706840391,24.7557003257329,Very Good
760,RJio,4G,Travelling,Tamil Nadu,2.727272727272727,80.0,17.272727272727273,Very Good
761,RJio,4G,Travelling,Telangana,4.333333333333334,49.0,46.66666666666666,Average
762,RJio,4G,Travelling,Tripura,0.0,0.0,100.0,Inadequate
763,RJio,4G,Travelling,Uttar Pradesh,3.0851501439736735,42.863019333607575,54.05183052241875,Average
764,RJio,4G,Travelling,Uttarakhand,11.03896103896104,41.55844155844157,47.4025974025974,Average
765,RJio,4G,Travelling,West Bengal,5.80539656582175,81.84791496320523,12.346688470973016,Excellent
766,Tata,2G,Indoor,Andhra Pradesh,75.0,0.0,25.0,Inadequate
767,Tata,2G,Indoor,Chattisgarh,16.666666666666664,50.0,33.33333333333333,Average
768,Tata,2G,Indoor,Karnataka,0.0,0.0,100.0,Inadequate
769,Tata,3G,Indoor,Andhra Pradesh,0.0,100.0,0.0,Excellent
770,Tata,3G,Indoor,Karnataka,0.0,50.0,50.0,Average
771,Tata,3G,Indoor,Maharashtra,27.27272727272727,45.45454545454545,27.27272727272727,Average
772,Tata,3G,Outdoor,Andhra Pradesh,0.0,100.0,0.0,Excellent
773,Tata,3G,Outdoor,Chattisgarh,0.0,0.0,100.0,Inadequate
774,Tata,3G,Outdoor,Gujarat,0.0,50.0,50.0,Average
775,Tata,3G,Outdoor,Maharashtra,0.0,0.0,100.0,Inadequate
776,Tata,3G,Travelling,Gujarat,0.0,0.0,100.0,Inadequate
777,Tata,3G,Travelling,Karnataka,0.0,100.0,0.0,Excellent
778,Tata,3G,Travelling,West Bengal,0.0,0.0,100.0,Inadequate
779,Tata,4G,Indoor,Chattisgarh,0.0,46.153846153846146,53.84615384615386,Average
780,Tata,4G,Indoor,Haryana,0.0,0.0,100.0,Inadequate
781,Tata,4G,Indoor,Karnataka,0.0,100.0,0.0,Excellent
782,Tata,4G,Indoor,Maharashtra,0.0,80.0,20.0,Very Good
783,Tata,4G,Outdoor,Andhra Pradesh,0.0,100.0,0.0,Excellent
784,Tata,4G,Outdoor,Haryana,0.0,0.0,100.0,Inadequate
785,Tata,4G,Outdoor,Karnataka,0.0,100.0,0.0,Excellent
786,Tata,4G,Travelling,Andhra Pradesh,100.0,0.0,0.0,Inadequate
787,Tata,4G,Travelling,Chattisgarh,0.0,100.0,0.0,Excellent
788,Tata,4G,Travelling,Haryana,0.0,0.0,100.0,Inadequate
789,Tata,4G,Travelling,Maharashtra,0.0,0.0,100.0,Inadequate
790,Telenor,3G,Indoor,Maharashtra,0.0,100.0,0.0,Excellent
791,Telenor,3G,Travelling,Telangana,0.0,0.0,100.0,Inadequate
792,Telenor,4G,Indoor,Gujarat,0.0,40.0,60.0,Poor
793,Telenor,4G,Indoor,Maharashtra,0.0,100.0,0.0,Excellent
794,Telenor,4G,Indoor,Uttarakhand,0.0,100.0,0.0,Excellent
795,Telenor,4G,Outdoor,Uttar Pradesh,100.0,0.0,0.0,Inadequate
796,Vodafone,2G,Indoor,Andhra Pradesh,0.0,100.0,0.0,Excellent
797,Vodafone,2G,Indoor,Chattisgarh,0.0,100.0,0.0,Excellent
798,Vodafone,2G,Indoor,Dadra and Nagar Haveli,0.0,100.0,0.0,Excellent
799,Vodafone,2G,Indoor,Delhi,4.0712468193384215,2.5445292620865136,93.38422391857506,Inadequate
800,Vodafone,2G,Indoor,Goa,0.0,100.0,0.0,Excellent
801,Vodafone,2G,Indoor,Gujarat,7.000000000000001,64.0,29.0,Very Good
802,Vodafone,2G,Indoor,Haryana,11.111111111111107,66.66666666666666,22.222222222222214,Very Good
803,Vodafone,2G,Indoor,Himachal Pradesh,0.0,100.0,0.0,Excellent
804,Vodafone,2G,Indoor,Karnataka,33.33333333333333,16.666666666666664,50.0,Inadequate
805,Vodafone,2G,Indoor,Kerala,9.090909090909092,36.36363636363637,54.54545454545454,Poor
806,Vodafone,2G,Indoor,Madhya Pradesh,0.0,100.0,0.0,Excellent
807,Vodafone,2G,Indoor,Maharashtra,7.954545454545454,82.95454545454545,9.090909090909092,Excellent
808,Vodafone,2G,Indoor,Odisha,50.0,50.0,0.0,Average
809,Vodafone,2G,Indoor,Punjab,0.0,100.0,0.0,Excellent
810,Vodafone,2G,Indoor,Rajasthan,0.0,86.36363636363636,13.636363636363635,Excellent
811,Vodafone,2G,Indoor,Tamil Nadu,10.9375,75.0,14.0625,Very Good
812,Vodafone,2G,Indoor,Telangana,0.0,88.88888888888891,11.111111111111107,Excellent
813,Vodafone,2G,Indoor,Uttar Pradesh,19.230769230769234,42.30769230769232,38.46153846153847,Average
814,Vodafone,2G,Indoor,Uttarakhand,0.0,0.0,100.0,Inadequate
815,Vodafone,2G,Indoor,West Bengal,5.7142857142857135,51.42857142857142,42.857142857142854,Average
816,Vodafone,2G,Outdoor,Andaman and Nicobar Islands,0.0,100.0,0.0,Excellent
817,Vodafone,2G,Outdoor,Chandigarh,100.0,0.0,0.0,Inadequate
818,Vodafone,2G,Outdoor,Chattisgarh,100.0,0.0,0.0,Inadequate
819,Vodafone,2G,Outdoor,Delhi,15.789473684210524,47.368421052631575,36.84210526315789,Average
820,Vodafone,2G,Outdoor,Goa,25.0,25.0,50.0,Poor
821,Vodafone,2G,Outdoor,Gujarat,5.5555555555555545,77.7777777777778,16.666666666666664,Very Good
822,Vodafone,2G,Outdoor,Haryana,0.0,0.0,100.0,Inadequate
823,Vodafone,2G,Outdoor,Karnataka,33.33333333333333,0.0,66.66666666666666,Inadequate
824,Vodafone,2G,Outdoor,Kerala,25.0,25.0,50.0,Poor
825,Vodafone,2G,Outdoor,Madhya Pradesh,0.0,0.0,100.0,Inadequate
826,Vodafone,2G,Outdoor,Maharashtra,8.771929824561402,42.105263157894726,49.122807017543856,Average
827,Vodafone,2G,Outdoor,Odisha,0.0,100.0,0.0,Excellent
828,Vodafone,2G,Outdoor,Punjab,33.33333333333333,66.66666666666666,0.0,Very Good
829,Vodafone,2G,Outdoor,Rajasthan,0.0,42.857142857142854,57.14285714285714,Average
830,Vodafone,2G,Outdoor,Tamil Nadu,0.0,63.829787234042556,36.17021276595745,Very Good
831,Vodafone,2G,Outdoor,Uttar Pradesh,9.090909090909092,36.36363636363637,54.54545454545454,Poor
832,Vodafone,2G,Outdoor,West Bengal,7.6923076923076925,61.53846153846154,30.76923076923077,Very Good
833,Vodafone,2G,Travelling,Chattisgarh,0.0,100.0,0.0,Excellent
834,Vodafone,2G,Travelling,Delhi,20.0,20.0,60.0,Inadequate
835,Vodafone,2G,Travelling,Goa,0.0,100.0,0.0,Excellent
836,Vodafone,2G,Travelling,Gujarat,0.0,86.66666666666669,13.333333333333336,Excellent
837,Vodafone,2G,Travelling,Haryana,33.33333333333333,66.66666666666666,0.0,Very Good
838,Vodafone,2G,Travelling,Jharkhand,0.0,0.0,100.0,Inadequate
839,Vodafone,2G,Travelling,Karnataka,0.0,100.0,0.0,Excellent
840,Vodafone,2G,Travelling,Madhya Pradesh,100.0,0.0,0.0,Inadequate
841,Vodafone,2G,Travelling,Maharashtra,3.8461538461538463,76.92307692307693,19.230769230769234,Very Good
842,Vodafone,2G,Travelling,Odisha,0.0,100.0,0.0,Excellent
843,Vodafone,2G,Travelling,Rajasthan,0.0,71.42857142857143,28.57142857142857,Very Good
844,Vodafone,2G,Travelling,Tamil Nadu,7.142857142857142,71.42857142857143,21.428571428571427,Very Good
845,Vodafone,2G,Travelling,Uttar Pradesh,15.384615384615385,46.153846153846146,38.46153846153847,Average
846,Vodafone,2G,Travelling,West Bengal,17.1875,51.5625,31.25,Average
847,Vodafone,3G,Indoor,Andhra Pradesh,9.090909090909092,90.9090909090909,0.0,Excellent
848,Vodafone,3G,Indoor,Assam,3.571428571428571,96.42857142857143,0.0,Excellent
849,Vodafone,3G,Indoor,Bihar,27.27272727272727,18.181818181818183,54.54545454545454,Inadequate
850,Vodafone,3G,Indoor,Chattisgarh,0.0,99.2,0.8,Excellent
851,Vodafone,3G,Indoor,Dadra and Nagar Haveli,0.0,87.5,12.5,Excellent
852,Vodafone,3G,Indoor,Daman and Diu,33.33333333333333,0.0,66.66666666666666,Inadequate
853,Vodafone,3G,Indoor,Delhi,6.266318537859008,29.895561357702352,63.83812010443864,Poor
854,Vodafone,3G,Indoor,Goa,7.894736842105262,84.21052631578947,7.894736842105262,Excellent
855,Vodafone,3G,Indoor,Gujarat,2.3875114784205693,76.67584940312213,20.9366391184573,Very Good
856,Vodafone,3G,Indoor,Haryana,3.92156862745098,35.29411764705883,60.78431372549018,Poor
857,Vodafone,3G,Indoor,Karnataka,10.20408163265306,60.71428571428571,29.08163265306123,Very Good
858,Vodafone,3G,Indoor,Kashmir,0.0,100.0,0.0,Excellent
859,Vodafone,3G,Indoor,Kerala,20.454545454545453,25.0,54.54545454545454,Poor
860,Vodafone,3G,Indoor,Madhya Pradesh,7.4074074074074066,88.88888888888891,3.7037037037037033,Excellent
861,Vodafone,3G,Indoor,Maharashtra,9.60698689956332,65.67685589519651,24.71615720524018,Very Good
862,Vodafone,3G,Indoor,Meghalaya,11.111111111111107,77.7777777777778,11.111111111111107,Very Good
863,Vodafone,3G,Indoor,Odisha,0.0,78.57142857142857,21.428571428571427,Very Good
864,Vodafone,3G,Indoor,Punjab,0.0,50.0,50.0,Average
865,Vodafone,3G,Indoor,Rajasthan,0.9389671361502347,87.63693270735523,11.424100156494525,Excellent
866,Vodafone,3G,Indoor,Tamil Nadu,5.142231947483589,83.15098468271334,11.706783369803064,Excellent
867,Vodafone,3G,Indoor,Telangana,4.49438202247191,91.01123595505621,4.49438202247191,Excellent
868,Vodafone,3G,Indoor,Uttar Pradesh,8.333333333333332,67.7927927927928,23.873873873873876,Very Good
869,Vodafone,3G,Indoor,Uttarakhand,5.084745762711865,1.6949152542372878,93.22033898305084,Inadequate
870,Vodafone,3G,Indoor,West Bengal,6.322444678609062,62.4868282402529,31.190727081138053,Very Good
871,Vodafone,3G,Outdoor,Andhra Pradesh,0.0,50.0,50.0,Average
872,Vodafone,3G,Outdoor,Assam,0.0,33.33333333333333,66.66666666666666,Poor
873,Vodafone,3G,Outdoor,Bihar,0.0,0.0,100.0,Inadequate
874,Vodafone,3G,Outdoor,Chandigarh,0.0,0.0,100.0,Inadequate
875,Vodafone,3G,Outdoor,Chattisgarh,38.46153846153847,61.53846153846154,0.0,Very Good
876,Vodafone,3G,Outdoor,Dadra and Nagar Haveli,0.0,100.0,0.0,Excellent
877,Vodafone,3G,Outdoor,Delhi,3.8135593220338975,67.79661016949152,28.38983050847457,Very Good
878,Vodafone,3G,Outdoor,Goa,0.0,100.0,0.0,Excellent
879,Vodafone,3G,Outdoor,Gujarat,4.201680672268908,89.49579831932773,6.302521008403361,Excellent
880,Vodafone,3G,Outdoor,Haryana,12.5,50.0,37.5,Average
881,Vodafone,3G,Outdoor,Himachal Pradesh,0.0,100.0,0.0,Excellent
882,Vodafone,3G,Outdoor,Karnataka,13.291139240506327,55.063291139240505,31.645569620253173,Average
883,Vodafone,3G,Outdoor,Kerala,5.5555555555555545,86.11111111111109,8.333333333333332,Excellent
884,Vodafone,3G,Outdoor,Madhya Pradesh,0.0,100.0,0.0,Excellent
885,Vodafone,3G,Outdoor,Maharashtra,14.233576642335766,42.51824817518249,43.248175182481745,Average
886,Vodafone,3G,Outdoor,Odisha,33.33333333333333,66.66666666666666,0.0,Very Good
887,Vodafone,3G,Outdoor,Punjab,12.5,56.25,31.25,Average
888,Vodafone,3G,Outdoor,Rajasthan,1.5873015873015872,73.01587301587301,25.396825396825395,Very Good
889,Vodafone,3G,Outdoor,Tamil Nadu,3.864734299516908,71.49758454106279,24.63768115942029,Very Good
890,Vodafone,3G,Outdoor,Telangana,14.285714285714285,71.42857142857143,14.285714285714285,Very Good
891,Vodafone,3G,Outdoor,Uttar Pradesh,4.2105263157894735,65.26315789473685,30.52631578947368,Very Good
892,Vodafone,3G,Outdoor,Uttarakhand,0.0,100.0,0.0,Excellent
893,Vodafone,3G,Outdoor,West Bengal,5.095541401273887,76.43312101910828,18.471337579617835,Very Good
894,Vodafone,3G,Travelling,Andhra Pradesh,50.0,0.0,50.0,Inadequate
895,Vodafone,3G,Travelling,Assam,0.0,94.73684210526315,5.263157894736842,Excellent
896,Vodafone,3G,Travelling,Bihar,0.0,80.0,20.0,Very Good
897,Vodafone,3G,Travelling,Chandigarh,0.0,0.0,100.0,Inadequate
898,Vodafone,3G,Travelling,Chattisgarh,0.0,100.0,0.0,Excellent
899,Vodafone,3G,Travelling,Delhi,6.0,55.00000000000001,39.0,Average
900,Vodafone,3G,Travelling,Goa,0.0,100.0,0.0,Excellent
901,Vodafone,3G,Travelling,Gujarat,10.256410256410255,80.34188034188034,9.401709401709402,Excellent
902,Vodafone,3G,Travelling,Haryana,0.0,71.42857142857143,28.57142857142857,Very Good
903,Vodafone,3G,Travelling,Himachal Pradesh,0.0,100.0,0.0,Excellent
904,Vodafone,3G,Travelling,Karnataka,3.5087719298245608,73.68421052631578,22.807017543859647,Very Good
905,Vodafone,3G,Travelling,Kerala,4.761904761904762,61.904761904761905,33.33333333333333,Very Good
906,Vodafone,3G,Travelling,Madhya Pradesh,0.0,75.0,25.0,Very Good
907,Vodafone,3G,Travelling,Maharashtra,5.450236966824645,41.70616113744076,52.843601895734594,Average
908,Vodafone,3G,Travelling,Meghalaya,0.0,100.0,0.0,Excellent
909,Vodafone,3G,Travelling,Odisha,20.0,80.0,0.0,Very Good
910,Vodafone,3G,Travelling,Punjab,25.0,50.0,25.0,Average
911,Vodafone,3G,Travelling,Rajasthan,3.8461538461538463,84.61538461538461,11.538461538461535,Excellent
912,Vodafone,3G,Travelling,Tamil Nadu,0.7751937984496124,72.09302325581395,27.131782945736433,Very Good
913,Vodafone,3G,Travelling,Telangana,25.0,50.0,25.0,Average
914,Vodafone,3G,Travelling,Uttar Pradesh,4.10958904109589,46.57534246575342,49.31506849315068,Average
915,Vodafone,3G,Travelling,Uttarakhand,0.0,66.66666666666666,33.33333333333333,Very Good
916,Vodafone,3G,Travelling,West Bengal,8.294930875576037,62.21198156682028,29.493087557603694,Very Good
917,Vodafone,4G,Indoor,Andhra Pradesh,2.083333333333333,94.44444444444444,3.4722222222222223,Excellent
918,Vodafone,4G,Indoor,Assam,9.090909090909092,72.72727272727273,18.181818181818183,Very Good
919,Vodafone,4G,Indoor,Bihar,66.66666666666666,8.333333333333332,25.0,Inadequate
920,Vodafone,4G,Indoor,Chandigarh,50.0,50.0,0.0,Average
921,Vodafone,4G,Indoor,Chattisgarh,15.384615384615385,61.53846153846154,23.07692307692308,Very Good
922,Vodafone,4G,Indoor,Dadra and Nagar Haveli,0.0,100.0,0.0,Excellent
923,Vodafone,4G,Indoor,Daman and Diu,0.0,100.0,0.0,Excellent
924,Vodafone,4G,Indoor,Delhi,13.710879284649774,50.3725782414307,35.91654247391953,Average
925,Vodafone,4G,Indoor,Goa,0.0,100.0,0.0,Excellent
926,Vodafone,4G,Indoor,Gujarat,2.985074626865672,72.38805970149255,24.626865671641788,Very Good
927,Vodafone,4G,Indoor,Haryana,3.862660944206009,32.61802575107296,63.519313304721024,Poor
928,Vodafone,4G,Indoor,Karnataka,8.200734394124847,65.23867809057529,26.56058751529988,Very Good
929,Vodafone,4G,Indoor,Kerala,15.909090909090908,59.09090909090909,25.0,Average
930,Vodafone,4G,Indoor,Madhya Pradesh,0.0,100.0,0.0,Excellent
931,Vodafone,4G,Indoor,Maharashtra,5.771873568483738,62.482821804855696,31.745304626660555,Very Good
932,Vodafone,4G,Indoor,Meghalaya,0.0,78.57142857142857,21.428571428571427,Very Good
933,Vodafone,4G,Indoor,Odisha,3.333333333333333,80.0,16.666666666666664,Very Good
934,Vodafone,4G,Indoor,Pondicherry,100.0,0.0,0.0,Inadequate
935,Vodafone,4G,Indoor,Punjab,17.857142857142858,55.35714285714286,26.785714285714285,Average
936,Vodafone,4G,Indoor,Rajasthan,1.9372693726937271,79.98154981549816,18.08118081180812,Very Good
937,Vodafone,4G,Indoor,Tamil Nadu,13.840399002493768,78.55361596009975,7.605985037406484,Very Good
938,Vodafone,4G,Indoor,Telangana,1.0920436817472698,97.50390015600624,1.4040561622464902,Excellent
939,Vodafone,4G,Indoor,Tripura,0.0,85.71428571428571,14.285714285714285,Excellent
940,Vodafone,4G,Indoor,Uttar Pradesh,9.19931856899489,75.21294718909711,15.587734241908006,Very Good
941,Vodafone,4G,Indoor,Uttarakhand,26.82926829268293,9.75609756097561,63.414634146341456,Inadequate
942,Vodafone,4G,Indoor,West Bengal,3.963553530751709,78.81548974943053,17.220956719817767,Very Good
943,Vodafone,4G,Outdoor,Andhra Pradesh,6.666666666666668,80.0,13.333333333333336,Very Good
944,Vodafone,4G,Outdoor,Assam,0.0,0.0,100.0,Inadequate
945,Vodafone,4G,Outdoor,Bihar,0.0,100.0,0.0,Excellent
946,Vodafone,4G,Outdoor,Chandigarh,50.0,25.0,25.0,Poor
947,Vodafone,4G,Outdoor,Chattisgarh,50.0,50.0,0.0,Average
948,Vodafone,4G,Outdoor,Dadra and Nagar Haveli,0.0,0.0,100.0,Inadequate
949,Vodafone,4G,Outdoor,Daman and Diu,0.0,0.0,100.0,Inadequate
950,Vodafone,4G,Outdoor,Delhi,2.964959568733154,59.56873315363881,37.46630727762803,Average
951,Vodafone,4G,Outdoor,Goa,0.0,66.66666666666666,33.33333333333333,Very Good
952,Vodafone,4G,Outdoor,Gujarat,5.7142857142857135,77.46031746031747,16.825396825396822,Very Good
953,Vodafone,4G,Outdoor,Haryana,16.393442622950822,59.016393442622956,24.590163934426236,Average
954,Vodafone,4G,Outdoor,Himachal Pradesh,0.0,100.0,0.0,Excellent
955,Vodafone,4G,Outdoor,Karnataka,10.16949152542373,58.64406779661017,31.186440677966104,Average
956,Vodafone,4G,Outdoor,Kerala,0.9416195856873822,96.42184557438792,2.6365348399246704,Excellent
957,Vodafone,4G,Outdoor,Madhya Pradesh,0.0,90.9090909090909,9.090909090909092,Excellent
958,Vodafone,4G,Outdoor,Maharashtra,8.793103448275861,52.06896551724138,39.13793103448275,Average
959,Vodafone,4G,Outdoor,Meghalaya,0.0,100.0,0.0,Excellent
960,Vodafone,4G,Outdoor,Odisha,11.111111111111107,44.444444444444436,44.444444444444436,Average
961,Vodafone,4G,Outdoor,Punjab,21.621621621621625,67.56756756756756,10.810810810810812,Very Good
962,Vodafone,4G,Outdoor,Rajasthan,7.2727272727272725,62.72727272727274,30.0,Very Good
963,Vodafone,4G,Outdoor,Tamil Nadu,4.140127388535031,82.16560509554141,13.694267515923569,Excellent
964,Vodafone,4G,Outdoor,Telangana,0.0,61.53846153846154,38.46153846153847,Very Good
965,Vodafone,4G,Outdoor,Tripura,0.0,100.0,0.0,Excellent
966,Vodafone,4G,Outdoor,Uttar Pradesh,6.829268292682928,69.7560975609756,23.414634146341466,Very Good
967,Vodafone,4G,Outdoor,Uttarakhand,17.647058823529417,17.647058823529417,64.70588235294117,Inadequate
968,Vodafone,4G,Outdoor,West Bengal,4.411764705882354,76.17647058823529,19.411764705882355,Very Good
969,Vodafone,4G,Travelling,Andhra Pradesh,0.0,75.0,25.0,Very Good
970,Vodafone,4G,Travelling,Assam,0.0,100.0,0.0,Excellent
971,Vodafone,4G,Travelling,Bihar,0.0,50.0,50.0,Average
972,Vodafone,4G,Travelling,Chattisgarh,0.0,75.0,25.0,Very Good
973,Vodafone,4G,Travelling,Delhi,7.6923076923076925,57.14285714285714,35.164835164835175,Average
974,Vodafone,4G,Travelling,Goa,0.0,100.0,0.0,Excellent
975,Vodafone,4G,Travelling,Gujarat,2.0161290322580645,92.74193548387095,5.241935483870968,Excellent
976,Vodafone,4G,Travelling,Haryana,1.3157894736842104,71.05263157894737,27.631578947368425,Very Good
977,Vodafone,4G,Travelling,Himachal Pradesh,0.0,100.0,0.0,Excellent
978,Vodafone,4G,Travelling,Jharkhand,100.0,0.0,0.0,Inadequate
979,Vodafone,4G,Travelling,Karnataka,2.638522427440633,92.34828496042215,5.013192612137203,Excellent
980,Vodafone,4G,Travelling,Kerala,4.166666666666666,91.66666666666666,4.166666666666666,Excellent
981,Vodafone,4G,Travelling,Madhya Pradesh,25.0,62.5,12.5,Very Good
982,Vodafone,4G,Travelling,Maharashtra,3.1528444139821805,47.08704592186429,49.760109664153525,Average
983,Vodafone,4G,Travelling,Meghalaya,0.0,100.0,0.0,Excellent
984,Vodafone,4G,Travelling,Odisha,50.0,50.0,0.0,Average
985,Vodafone,4G,Travelling,Punjab,14.285714285714285,85.71428571428571,0.0,Excellent
986,Vodafone,4G,Travelling,Rajasthan,5.847953216374267,87.13450292397661,7.0175438596491215,Excellent
987,Vodafone,4G,Travelling,Tamil Nadu,1.1049723756906076,90.60773480662985,8.287292817679559,Excellent
988,Vodafone,4G,Travelling,Telangana,7.894736842105262,81.57894736842105,10.526315789473683,Excellent
989,Vodafone,4G,Travelling,Uttar Pradesh,5.084745762711865,47.45762711864407,47.45762711864407,Average
990,Vodafone,4G,Travelling,Uttarakhand,40.0,0.0,60.0,Inadequate
991,Vodafone,4G,Travelling,West Bengal,4.919908466819222,78.94736842105263,16.132723112128147,Very Good
